Time,Deal,Symbol,Type,Direction,Volume,Price,Order,Commission,Swap,Profit,Balance,Comment
2025.12.01 08:10:00,2,US100.cash,buy,in,2.75,25198.05,2,0.00,0.00,0.00,10 000.00,P2_B|LONG|S=6|ATR=64.71500|REG=
2025.12.01 08:30:00,3,US100.cash,buy,in,1.82,25212.45,3,0.00,0.00,0.00,10 000.00,P2_B|LONG|S=6|ATR=65.35786|REG=
2025.12.01 08:50:00,4,US100.cash,buy,in,1.81,25213.55,4,0.00,0.00,0.00,10 000.00,P2_B|LONG|S=6|ATR=65.53643|REG=
2025.12.01 11:39:35,5,US100.cash,sell,out,2.75,25236.93,5,0.00,0.00,80.82,10 080.82,sl 25236.98
2025.12.01 11:39:36,6,US100.cash,sell,out,1.82,25236.46,6,0.00,0.00,33.03,10 113.85,sl 25236.46
2025.12.01 11:39:37,7,US100.cash,sell,out,1.81,25236.22,7,0.00,0.00,31.01,10 144.86,sl 25236.32
2025.12.01 11:40:00,8,US100.cash,buy,in,3.07,25243.85,8,0.00,0.00,0.00,10 144.86,P2_B|LONG|S=5|ATR=70.69357|REG=
2025.12.01 12:00:00,9,US100.cash,buy,in,2.04,25232.25,9,0.00,0.00,0.00,10 144.86,P2_B|LONG|S=5|ATR=70.69357|REG=
2025.12.01 12:20:00,10,US100.cash,buy,in,2.06,25259.95,10,0.00,0.00,0.00,10 144.86,P2_B|LONG|S=7|ATR=70.87929|REG=
2025.12.01 14:08:03,11,US100.cash,sell,out,3.07,25220.56,11,0.00,0.00,-54.02,10 090.84,sl 25220.80
2025.12.01 14:08:03,12,US100.cash,sell,out,2.04,25220.56,12,0.00,0.00,-18.02,10 072.82,sl 25220.80
2025.12.01 14:08:03,13,US100.cash,sell,out,2.06,25220.56,13,0.00,0.00,-61.30,10 011.52,sl 25220.65
2025.12.01 15:45:00,14,US100.cash,buy,in,2.34,25205.75,14,0.00,0.00,0.00,10 011.52,P2_B|LONG|S=5|ATR=76.93643|REG=
2025.12.01 16:32:15,15,US100.cash,sell,out,2.34,25184.33,15,0.00,0.00,-37.82,9 973.70,sl 25184.50
2025.12.09 08:05:00,16,US100.cash,sell,in,0.96,25621.85,16,0.00,0.00,0.00,9 973.70,P2_B|SHORT|S=7|ATR=94.12214|REG
2025.12.09 08:25:00,17,US100.cash,sell,in,0.63,25616.95,17,0.00,0.00,0.00,9 973.70,P2_B|SHORT|S=7|ATR=94.55786|REG
2025.12.09 08:50:00,18,US100.cash,sell,in,0.62,25639.85,18,0.00,0.00,0.00,9 973.70,P2_B|SHORT|S=4|ATR=96.22929|REG
2025.12.09 17:02:32,19,US100.cash,buy,out,0.96,25621.52,19,0.00,0.00,0.24,9 973.94,sl 25621.35
2025.12.09 17:02:37,20,US100.cash,buy,out,0.63,25621.82,20,0.00,0.00,-2.31,9 971.63,sl 25621.70
2025.12.09 17:02:38,21,US100.cash,buy,out,0.62,25623.08,21,0.00,0.00,7.82,9 979.45,sl 25623.03
2025.12.10 12:30:00,22,US100.cash,sell,in,1.19,25600.65,22,0.00,0.00,0.00,9 979.45,P2_B|SHORT|S=8|ATR=90.89286|REG
2025.12.10 12:50:00,23,US100.cash,sell,in,0.78,25623.35,23,0.00,0.00,0.00,9 979.45,P2_B|SHORT|S=6|ATR=92.07143|REG
2025.12.10 13:10:00,24,US100.cash,sell,in,0.65,25632.65,24,0.00,0.00,0.00,9 979.45,P2_B|SHORT|S=7|ATR=92.07143|REG
2025.12.10 15:25:12,25,US100.cash,buy,out,1.19,25674.82,25,0.00,0.00,-66.31,9 913.14,sl 25674.76
2025.12.10 15:25:14,26,US100.cash,buy,out,0.78,25675.75,26,0.00,0.00,-30.71,9 882.43,sl 25675.71
2025.12.10 15:25:14,27,US100.cash,buy,out,0.65,25675.75,27,0.00,0.00,-21.05,9 861.38,sl 25675.71
2025.12.11 11:55:00,28,US100.cash,buy,in,1.77,25581.95,28,0.00,0.00,0.00,9 861.38,P2_B|LONG|S=5|ATR=122.47143|REG
2025.12.11 12:15:00,29,US100.cash,buy,in,1.19,25583.85,29,0.00,0.00,0.00,9 861.38,P2_B|LONG|S=5|ATR=121.42857|REG
2025.12.11 13:10:00,30,US100.cash,buy,in,0.98,25581.65,30,0.00,0.00,0.00,9 861.38,P2_B|LONG|S=5|ATR=121.84286|REG
2025.12.11 16:30:40,31,US100.cash,sell,out,1.19,25570.70,31,0.00,0.00,-11.66,9 849.72,sl 25570.81
2025.12.11 16:30:40,32,US100.cash,sell,out,0.98,25570.29,32,0.00,0.00,-8.29,9 841.43,sl 25570.48
2025.12.11 16:30:40,33,US100.cash,sell,out,1.77,25569.88,33,0.00,0.00,-15.92,9 825.51,sl 25569.97
2025.12.17 10:10:00,34,US100.cash,sell,in,0.7,25144.75,34,0.00,0.00,0.00,9 825.51,P2_B|SHORT|S=5|ATR=154.07214|RE
2025.12.17 10:55:00,35,US100.cash,sell,in,0.46,25155.15,35,0.00,0.00,0.00,9 825.51,P2_B|SHORT|S=5|ATR=154.35071|RE
2025.12.17 15:20:00,36,US100.cash,sell,in,0.56,25171.35,36,0.00,0.00,0.00,9 825.51,P2_B|SHORT|S=6|ATR=160.06500|RE
2025.12.17 17:45:40,37,US100.cash,buy,out,0.56,24855.62,37,0.00,0.00,132.07,9 957.58,tp 24855.75
2025.12.17 17:52:27,38,US100.cash,buy,out,0.46,24849.92,38,0.00,0.00,104.87,10 062.45,tp 24850.19
2025.12.17 17:52:29,39,US100.cash,buy,out,0.7,24841.28,39,0.00,0.00,158.67,10 221.12,tp 24841.44
2025.12.19 09:05:00,40,US100.cash,buy,in,1.42,25100.65,40,0.00,0.00,0.00,10 221.12,P2_B|LONG|S=8|ATR=158.75643|REG
2025.12.19 09:25:00,41,US100.cash,buy,in,0.93,25115.65,41,0.00,0.00,0.00,10 221.12,P2_B|LONG|S=8|ATR=161.33500|REG
2025.12.19 09:45:00,42,US100.cash,buy,in,0.93,25100.85,42,0.00,0.00,0.00,10 221.12,P2_B|LONG|S=8|ATR=161.33500|REG
2025.12.22 01:05:00,43,US100.cash,sell,out,1.42,25416.56,43,0.00,-19.99,335.33,10 536.46,tp 25411.69
2025.12.22 01:05:00,44,US100.cash,sell,out,0.93,25416.56,44,0.00,-13.09,219.48,10 742.85,tp 25416.52
2025.12.22 01:40:37,45,US100.cash,sell,out,0.93,25431.87,45,0.00,-13.09,219.79,10 949.55,tp 25431.62
2025.12.29 08:20:00,46,US100.cash,buy,in,3.94,25623.95,46,0.00,0.00,0.00,10 949.55,P2_B|LONG|S=6|ATR=49.91357|REG=
2025.12.29 09:08:26,47,US100.cash,sell,out,3.94,25584.51,47,0.00,0.00,-115.18,10 834.37,sl 25584.72
2025.12.29 10:30:00,48,US100.cash,sell,in,1.47,25561.95,48,0.00,0.00,0.00,10 834.37,P2_B|SHORT|S=6|ATR=52.81357|REG
2025.12.29 10:50:00,49,US100.cash,sell,in,1.41,25522.75,49,0.00,0.00,0.00,10 834.37,P2_B|SHORT|S=7|ATR=55.53500|REG
2025.12.29 11:10:00,50,US100.cash,sell,in,2.1,25536.65,50,0.00,0.00,0.00,10 834.37,P2_B|SHORT|S=6|ATR=55.86357|REG
2025.12.29 15:50:38,53,US100.cash,buy,out,1.47,25454.65,53,0.00,0.00,116.91,11 119.91,tp 25454.73
2025.12.29 16:00:00,54,US100.cash,sell,in,1.63,25479.95,54,0.00,0.00,0.00,11 119.91,P2_B|SHORT|S=8|ATR=61.79929|REG
2025.12.29 16:35:30,55,US100.cash,buy,out,1.63,25513.79,55,0.00,0.00,-40.85,11 079.06,sl 25513.69
2025.12.30 08:10:00,56,US100.cash,sell,in,1.44,25519.55,56,0.00,0.00,0.00,11 079.06,P2_B|SHORT|S=7|ATR=69.96786|REG
2025.12.30 08:30:00,57,US100.cash,sell,in,0.95,25503.25,57,0.00,0.00,0.00,11 079.06,P2_B|SHORT|S=7|ATR=70.89643|REG
2025.12.30 08:50:00,58,US100.cash,sell,in,0.95,25515.85,58,0.00,0.00,0.00,11 079.06,P2_B|SHORT|S=7|ATR=70.91071|REG
2025.12.30 11:04:34,59,US100.cash,buy,out,1.44,25529.74,59,0.00,0.00,-10.86,11 068.20,sl 25529.62
2025.12.30 11:04:42,60,US100.cash,buy,out,0.95,25530.51,60,0.00,0.00,-19.17,11 049.03,sl 25530.37
2025.12.30 11:04:42,61,US100.cash,buy,out,0.95,25530.51,61,0.00,0.00,-10.31,11 038.72,sl 25530.38
2025.12.30 12:40:00,62,US100.cash,sell,in,1.67,25521.05,62,0.00,0.00,0.00,11 038.72,P2_B|SHORT|S=7|ATR=72.48214|REG
2025.12.30 13:00:00,63,US100.cash,sell,in,1.1,25515.05,63,0.00,0.00,0.00,11 038.72,P2_B|SHORT|S=7|ATR=73.38214|REG
2025.12.30 13:20:00,64,US100.cash,sell,in,0.91,25499.75,64,0.00,0.00,0.00,11 038.72,P2_B|SHORT|S=8|ATR=74.18929|REG
2025.12.30 16:50:41,65,US100.cash,buy,out,1.67,25535.89,65,0.00,0.00,-18.39,11 020.33,sl 25535.84
2025.12.30 16:50:41,66,US100.cash,buy,out,1.1,25536.65,66,0.00,0.00,-17.63,11 002.70,sl 25536.56
2025.12.30 16:50:42,67,US100.cash,buy,out,0.91,25537.29,67,0.00,0.00,-25.35,10 977.35,sl 25537.20
2026.01.02 08:05:00,68,US100.cash,buy,in,2.15,25433.65,68,0.00,0.00,0.00,10 977.35,P2_B|LONG|S=6|ATR=93.29214|REG=
2026.01.02 08:25:00,69,US100.cash,buy,in,1.43,25434.45,69,0.00,0.00,0.00,10 977.35,P2_B|LONG|S=6|ATR=93.47786|REG=
2026.01.02 08:45:00,70,US100.cash,buy,in,1.43,25439.95,70,0.00,0.00,0.00,10 977.35,P2_B|LONG|S=6|ATR=93.89214|REG=
2026.01.02 16:32:42,71,US100.cash,sell,out,2.15,25454.07,71,0.00,0.00,32.62,11 009.97,sl 25454.22
2026.01.02 16:32:42,72,US100.cash,sell,out,1.43,25454.07,72,0.00,0.00,20.85,11 030.82,sl 25454.07
2026.01.02 16:32:42,73,US100.cash,sell,out,1.43,25453.68,73,0.00,0.00,14.58,11 045.40,sl 25453.74
2026.01.06 10:05:00,74,US100.cash,buy,in,2.03,25446.05,74,0.00,0.00,0.00,11 045.40,P2_B|LONG|S=6|ATR=120.99571|REG
2026.01.06 11:45:00,75,US100.cash,buy,in,1.91,25407.55,75,0.00,0.00,0.00,11 045.40,P2_B|LONG|S=4|ATR=127.74571|REG
2026.01.06 12:40:00,76,US100.cash,buy,in,1.32,25410.05,76,0.00,0.00,0.00,11 045.40,P2_B|LONG|S=6|ATR=122.86714|REG
2026.01.06 17:55:43,77,US100.cash,sell,out,2.03,25493.16,77,0.00,0.00,70.85,11 116.25,sl 25493.35
2026.01.06 17:56:05,78,US100.cash,sell,out,1.32,25491.78,78,0.00,0.00,79.93,11 196.18,sl 25491.86
2026.01.06 18:02:41,79,US100.cash,sell,out,1.91,25487.93,79,0.00,0.00,113.68,11 309.86,sl 25487.95
2026.01.08 08:05:00,80,US100.cash,sell,in,1.06,25528.05,80,0.00,0.00,0.00,11 309.86,P2_B|SHORT|S=6|ATR=97.82571|REG
2026.01.08 08:25:00,81,US100.cash,sell,in,0.69,25502.55,81,0.00,0.00,0.00,11 309.86,P2_B|SHORT|S=7|ATR=100.22571|RE
2026.01.08 08:45:00,82,US100.cash,sell,in,0.69,25521.95,82,0.00,0.00,0.00,11 309.86,P2_B|SHORT|S=7|ATR=100.27571|RE
2026.01.08 09:23:31,83,US100.cash,buy,out,1.06,25575.56,83,0.00,0.00,-37.43,11 272.43,sl 25574.81
2026.01.08 09:23:31,84,US100.cash,buy,out,0.69,25577.34,84,0.00,0.00,-38.36,11 234.07,sl 25576.73
2026.01.08 09:23:41,85,US100.cash,buy,out,0.69,25595.09,85,0.00,0.00,-37.51,11 196.56,sl 25594.97
2026.01.08 11:40:00,86,US100.cash,buy,in,2.35,25580.75,86,0.00,0.00,0.00,11 196.56,P2_B|LONG|S=5|ATR=104.67571|REG
2026.01.08 12:05:00,87,US100.cash,buy,in,1.62,25581.55,87,0.00,0.00,0.00,11 196.56,P2_B|LONG|S=5|ATR=101.44000|REG
2026.01.08 14:05:00,88,US100.cash,buy,in,1.32,25575.35,88,0.00,0.00,0.00,11 196.56,P2_B|LONG|S=5|ATR=103.48286|REG
2026.01.08 16:33:42,89,US100.cash,sell,out,1.62,25545.12,89,0.00,0.00,-43.97,11 152.59,sl 25545.30
2026.01.08 16:34:27,90,US100.cash,sell,out,1.32,25543.43,90,0.00,0.00,-31.38,11 121.21,sl 25543.66
2026.01.08 16:34:27,91,US100.cash,sell,out,2.35,25542.50,91,0.00,0.00,-66.96,11 054.25,sl 25542.71
2026.01.12 08:05:00,92,US100.cash,sell,in,0.81,25538.55,92,0.00,0.00,0.00,11 054.25,P2_B|SHORT|S=7|ATR=124.48786|RE
2026.01.12 08:25:00,93,US100.cash,sell,in,0.54,25540.55,93,0.00,0.00,0.00,11 054.25,P2_B|SHORT|S=7|ATR=125.55214|RE
2026.01.12 08:45:00,94,US100.cash,sell,in,0.54,25543.93,94,0.00,0.00,0.00,11 054.25,P2_B|SHORT|S=6|ATR=125.55214|RE
2026.01.12 14:05:40,95,US100.cash,buy,out,0.81,25567.75,95,0.00,0.00,-17.57,11 036.68,sl 25567.74
2026.01.12 14:06:28,96,US100.cash,buy,out,0.54,25568.80,96,0.00,0.00,-11.33,11 025.35,sl 25568.59
2026.01.12 14:06:28,97,US100.cash,buy,out,0.54,25568.80,97,0.00,0.00,-9.97,11 015.38,sl 25568.59
2026.01.14 12:05:00,98,US100.cash,sell,in,1.2,25679.45,98,0.00,0.00,0.00,11 015.38,P2_B|SHORT|S=6|ATR=100.50857|RE
2026.01.14 14:25:00,99,US100.cash,sell,in,0.61,25613.05,99,0.00,0.00,0.00,11 015.38,P2_B|SHORT|S=6|ATR=110.33714|RE
2026.01.14 14:45:00,100,US100.cash,sell,in,0.61,25614.65,100,0.00,0.00,0.00,11 015.38,P2_B|SHORT|S=6|ATR=110.33714|RE
2026.01.14 15:30:13,101,US100.cash,buy,out,1.2,25639.78,101,0.00,0.00,35.40,11 050.78,sl 25639.66
2026.01.15 08:15:00,104,US100.cash,buy,in,1.67,25486.45,104,0.00,0.00,0.00,11 122.66,P2_B|LONG|S=5|ATR=122.25286|REG
2026.01.15 08:35:00,105,US100.cash,buy,in,1.08,25532.45,105,0.00,0.00,0.00,11 122.66,P2_B|LONG|S=6|ATR=126.85286|REG
2026.01.15 08:55:00,106,US100.cash,buy,in,1.08,25555.85,106,0.00,0.00,0.00,11 122.66,P2_B|LONG|S=6|ATR=127.10286|REG
2026.01.15 15:38:39,107,US100.cash,sell,out,1.67,25727.20,107,0.00,0.00,300.48,11 423.14,tp 25727.07
2026.01.15 16:26:40,108,US100.cash,sell,out,1.08,25782.12,108,0.00,0.00,201.53,11 624.67,tp 25782.04
2026.01.15 17:46:29,109,US100.cash,sell,out,1.08,25674.86,109,0.00,0.00,96.02,11 720.69,sl 25674.87
2026.01.16 08:05:00,110,US100.cash,buy,in,1.61,25651.58,110,0.00,0.00,0.00,11 720.69,P2_B|LONG|S=9|ATR=133.70214|REG
2026.01.16 09:35:00,111,US100.cash,buy,in,1.27,25656.25,111,0.00,0.00,0.00,11 720.69,P2_B|LONG|S=7|ATR=135.02714|REG
2026.01.16 10:35:00,112,US100.cash,buy,in,1.26,25657.25,112,0.00,0.00,0.00,11 720.69,P2_B|LONG|S=7|ATR=136.14643|REG
2026.01.16 16:56:29,113,US100.cash,sell,out,1.61,25605.74,113,0.00,0.00,-55.09,11 665.60,sl 25605.82
2026.01.16 16:56:30,114,US100.cash,sell,out,1.27,25604.73,114,0.00,0.00,-48.84,11 616.76,sl 25604.76
2026.01.16 16:56:31,115,US100.cash,sell,out,1.26,25603.72,115,0.00,0.00,-50.35,11 566.41,sl 25603.86
2026.01.22 10:10:00,116,US100.cash,buy,in,1.35,25476.25,116,0.00,0.00,0.00,11 566.41,P2_B|LONG|S=8|ATR=190.52786|REG
2026.01.22 10:30:00,117,US100.cash,buy,in,0.88,25511.25,117,0.00,0.00,0.00,11 566.41,P2_B|LONG|S=8|ATR=193.75643|REG
2026.01.22 10:50:00,118,US100.cash,buy,in,0.88,25532.85,118,0.00,0.00,0.00,11 566.41,P2_B|LONG|S=8|ATR=194.31357|REG
2026.01.22 16:48:31,119,US100.cash,sell,out,1.35,25441.62,119,0.00,0.00,-34.78,11 531.63,sl 25441.63
2026.01.22 16:48:38,120,US100.cash,sell,out,0.88,25438.99,120,0.00,0.00,-47.30,11 484.33,sl 25439.04
2026.01.22 16:48:38,121,US100.cash,sell,out,0.88,25438.51,121,0.00,0.00,-61.76,11 422.57,sl 25438.60
2026.01.30 08:05:00,122,US100.cash,sell,in,0.6,25695.15,122,0.00,0.00,0.00,11 422.57,P2_B|SHORT|S=8|ATR=180.71214|RE
2026.01.30 08:25:00,123,US100.cash,sell,in,0.39,25668.85,123,0.00,0.00,0.00,11 422.57,P2_B|SHORT|S=8|ATR=183.27643|RE
2026.01.30 08:45:00,124,US100.cash,sell,in,0.39,25666.65,124,0.00,0.00,0.00,11 422.57,P2_B|SHORT|S=8|ATR=185.01214|RE
2026.01.30 13:12:39,125,US100.cash,buy,out,0.6,25685.19,125,0.00,0.00,4.35,11 426.92,sl 25685.12
2026.01.30 13:13:40,126,US100.cash,buy,out,0.39,25687.25,126,0.00,0.00,-5.22,11 421.70,sl 25687.17
2026.01.30 13:15:04,127,US100.cash,buy,out,0.39,25688.67,127,0.00,0.00,-6.24,11 415.46,sl 25688.56
2026.01.30 14:25:00,128,US100.cash,buy,in,1.06,25763.25,128,0.00,0.00,0.00,11 415.46,P2_B|LONG|S=5|ATR=203.71214|REG
2026.01.30 14:55:00,129,US100.cash,sell,in,0.35,25711.85,129,0.00,0.00,0.00,11 415.46,P2_B|SHORT|S=6|ATR=203.71214|RE
2026.01.30 15:15:00,130,US100.cash,buy,in,1.06,25759.55,130,0.00,0.00,0.00,11 415.46,P2_B|LONG|S=5|ATR=203.71214|REG
2026.01.30 18:21:42,131,US100.cash,sell,out,1.06,25634.09,131,0.00,0.00,-99.79,11 315.67,sl 25634.16
2026.01.30 18:21:42,132,US100.cash,sell,out,1.06,25634.09,132,0.00,0.00,-96.93,11 218.74,sl 25634.16
2026.01.30 20:59:05,133,US100.cash,buy,out,0.35,25650.47,133,0.00,0.00,15.67,11 234.41,sl 25650.30
