branch,mode,month,worst_intramonth_dd_amt,worst_intramonth_dd_pct
p2_filter_test1,full,2011-09,-80.73,-0.179
p2_filter_test1,full,2011-10,-80.08,-0.177
p2_filter_test1,full,2011-11,-218.2,-0.481
p2_filter_test1,full,2011-12,-312.25,-0.688
p2_filter_test1,full,2012-01,-348.24,-0.768
p2_filter_test1,full,2012-02,-301.07,-0.664
p2_filter_test1,full,2012-03,-170.68,-0.374
p2_filter_test1,full,2012-04,-153.97,-0.338
p2_filter_test1,full,2012-05,-155.48,-0.339
p2_filter_test1,full,2012-06,-144.46,-0.315
p2_filter_test1,full,2012-07,-140.08,-0.298
p2_filter_test1,full,2012-08,-71.01,-0.151
p2_filter_test1,full,2012-09,-65.11,-0.137
p2_filter_test1,full,2012-10,-242.25,-0.504
p2_filter_test1,full,2012-11,-226.69,-0.472
p2_filter_test1,full,2012-12,-129.47,-0.268
p2_filter_test1,full,2013-01,-129.77,-0.269
p2_filter_test1,full,2013-02,-192.99,-0.397
p2_filter_test1,full,2013-03,-232.38,-0.478
p2_filter_test1,full,2013-04,-320.31,-0.648
p2_filter_test1,full,2013-05,-278.93,-0.564
p2_filter_test1,full,2013-06,-125.33,-0.253
p2_filter_test1,full,2013-07,-107.8,-0.217
p2_filter_test1,full,2013-08,-184.22,-0.368
p2_filter_test1,full,2013-09,-195.59,-0.391
p2_filter_test1,full,2013-10,-161.44,-0.321
p2_filter_test1,full,2013-11,-46.73,-0.093
p2_filter_test1,full,2013-12,-241.02,-0.473
p2_filter_test1,full,2014-01,-148.8,-0.289
p2_filter_test1,full,2014-02,-132.71,-0.253
p2_filter_test1,full,2014-03,-226.68,-0.432
p2_filter_test1,full,2014-04,-204.32,-0.386
p2_filter_test1,full,2014-05,-82.27,-0.152
p2_filter_test1,full,2014-06,-214.81,-0.394
p2_filter_test1,full,2014-07,-176.22,-0.321
p2_filter_test1,full,2014-08,-156.94,-0.28
p2_filter_test1,full,2014-09,-188.93,-0.335
p2_filter_test1,full,2014-10,-88.03,-0.152
p2_filter_test1,full,2014-11,-229.06,-0.392
p2_filter_test1,full,2014-12,-175.16,-0.299
p2_filter_test1,full,2015-01,-98.7,-0.166
p2_filter_test1,full,2015-02,-74.5,-0.125
p2_filter_test1,full,2015-03,-129.74,-0.215
p2_filter_test1,full,2015-04,-184.46,-0.303
p2_filter_test1,full,2015-05,-286.46,-0.458
p2_filter_test1,full,2015-06,-433.76,-0.691
p2_filter_test1,full,2015-07,-171.73,-0.268
p2_filter_test1,full,2015-08,-399.7,-0.619
p2_filter_test1,full,2015-09,-728.06,-1.127
p2_filter_test1,full,2015-10,-556.19,-0.861
p2_filter_test1,full,2015-11,-477.26,-0.73
p2_filter_test1,full,2015-12,-197.12,-0.302
p2_filter_test1,full,2016-01,-350.48,-0.531
p2_filter_test1,full,2016-02,-639.23,-0.969
p2_filter_test1,full,2016-03,-427.52,-0.648
p2_filter_test1,full,2016-04,-640.06,-0.969
p2_filter_test1,full,2016-05,-620.47,-0.938
p2_filter_test1,full,2016-06,-266.94,-0.404
p2_filter_test1,full,2016-07,-429.56,-0.632
p2_filter_test1,full,2016-08,-347.46,-0.509
p2_filter_test1,full,2016-09,-431.83,-0.632
p2_filter_test1,full,2016-10,-222.53,-0.322
p2_filter_test1,full,2016-11,-686.9,-0.993
p2_filter_test1,full,2016-12,-698.88,-1.01
p2_filter_test1,full,2017-01,-795.24,-1.15
p2_filter_test1,full,2017-02,-190.69,-0.273
p2_filter_test1,full,2017-03,-238.72,-0.335
p2_filter_test1,full,2017-04,-256.55,-0.356
p2_filter_test1,full,2017-05,-252.0,-0.349
p2_filter_test1,full,2017-06,-459.5,-0.628
p2_filter_test1,full,2017-07,-542.14,-0.737
p2_filter_test1,full,2017-08,-518.66,-0.705
p2_filter_test1,full,2017-09,-350.87,-0.463
p2_filter_test1,full,2017-10,-482.84,-0.629
p2_filter_test1,full,2017-11,-245.92,-0.311
p2_filter_test1,full,2017-12,-283.43,-0.349
p2_filter_test1,full,2018-01,-440.69,-0.542
p2_filter_test1,full,2018-02,-290.21,-0.351
p2_filter_test1,full,2018-03,-353.39,-0.421
p2_filter_test1,full,2018-04,-817.74,-0.966
p2_filter_test1,full,2018-05,-811.49,-0.959
p2_filter_test1,full,2018-06,-533.38,-0.619
p2_filter_test1,full,2018-07,-349.84,-0.384
p2_filter_test1,full,2018-08,-545.33,-0.589
p2_filter_test1,full,2018-09,-734.3,-0.793
p2_filter_test1,full,2018-10,-484.05,-0.506
p2_filter_test1,full,2018-11,-585.42,-0.596
p2_filter_test1,full,2018-12,-563.65,-0.574
p2_filter_test1,full,2019-01,-500.7,-0.495
p2_filter_test1,full,2019-02,-467.74,-0.453
p2_filter_test1,full,2019-03,-161.71,-0.155
p2_filter_test1,full,2019-04,-371.87,-0.353
p2_filter_test1,full,2019-05,-366.17,-0.344
p2_filter_test1,full,2019-06,-453.4,-0.403
p2_filter_test1,full,2019-07,-1401.26,-1.222
p2_filter_test1,full,2019-08,-1093.8,-0.954
p2_filter_test1,full,2019-09,-1699.48,-1.413
p2_filter_test1,full,2019-10,-1064.45,-0.876
p2_filter_test1,full,2019-11,-559.58,-0.46
p2_filter_test1,full,2019-12,-645.7,-0.522
p2_filter_test1,full,2020-01,-904.53,-0.73
p2_filter_test1,full,2020-02,-2590.09,-2.079
p2_filter_test1,full,2020-03,-1578.74,-1.267
p2_filter_test1,full,2020-04,-2006.55,-1.611
p2_filter_test1,full,2020-05,-1131.48,-0.908
p2_filter_test1,full,2020-06,-625.94,-0.485
p2_filter_test1,full,2020-07,-313.25,-0.235
p2_filter_test1,full,2020-08,-752.35,-0.552
p2_filter_test1,full,2020-09,-1229.02,-0.882
p2_filter_test1,full,2020-10,-1228.5,-0.882
p2_filter_test1,full,2020-11,-485.91,-0.342
p2_filter_test1,full,2020-12,-2065.98,-1.422
p2_filter_test1,full,2021-01,-2001.22,-1.377
p2_filter_test1,full,2021-02,-809.44,-0.54
p2_filter_test1,full,2021-03,-2451.57,-1.635
p2_filter_test1,full,2021-04,-2164.63,-1.444
p2_filter_test1,full,2021-05,-771.73,-0.492
p2_filter_test1,full,2021-06,-1801.07,-1.145
p2_filter_test1,full,2021-07,-1639.8,-1.033
p2_filter_test1,full,2021-08,-2811.33,-1.77
p2_filter_test1,full,2021-09,-1917.12,-1.207
p2_filter_test1,full,2021-10,-1598.56,-0.956
p2_filter_test1,full,2021-11,-1890.74,-1.13
p2_filter_test1,full,2021-12,-1392.6,-0.833
p2_filter_test1,full,2022-01,-1402.98,-0.791
p2_filter_test1,full,2022-02,-1297.75,-0.732
p2_filter_test1,full,2022-03,-688.72,-0.377
p2_filter_test1,full,2022-04,-780.93,-0.427
p2_filter_test1,full,2022-05,-638.81,-0.34
p2_filter_test1,full,2022-06,-1029.59,-0.519
p2_filter_test1,full,2022-07,-1342.43,-0.673
p2_filter_test1,full,2022-08,-2434.64,-1.205
p2_filter_test1,full,2022-09,-2082.39,-1.031
p2_filter_test1,full,2022-10,-2680.51,-1.289
p2_filter_test1,full,2022-11,-2269.59,-1.088
p2_filter_test1,full,2022-12,-1647.96,-0.752
p2_filter_test1,full,2023-01,-2859.66,-1.282
p2_filter_test1,full,2023-02,-2554.28,-1.105
p2_filter_test1,full,2023-03,-2480.47,-1.073
p2_filter_test1,full,2023-04,-2502.1,-1.038
p2_filter_test1,full,2023-05,-1471.53,-0.575
p2_filter_test1,full,2023-06,-1305.05,-0.491
p2_filter_test1,full,2023-07,-2138.67,-0.801
p2_filter_test1,full,2023-08,-1055.32,-0.389
p2_filter_test1,full,2023-09,-1917.91,-0.676
p2_filter_test1,full,2023-10,-2220.49,-0.782
p2_filter_test1,full,2023-11,-3304.39,-1.164
p2_filter_test1,full,2023-12,-4558.71,-1.605
p2_filter_test1,full,2024-01,-2250.87,-0.772
p2_filter_test1,full,2024-02,-1719.68,-0.573
p2_filter_test1,full,2024-03,-2737.47,-0.888
p2_filter_test1,full,2024-04,-2509.73,-0.804
p2_filter_test1,full,2024-05,-5744.54,-1.84
p2_filter_test1,full,2024-06,-1925.71,-0.617
p2_filter_test1,full,2024-07,-1734.09,-0.528
p2_filter_test1,full,2024-08,-2837.13,-0.864
p2_filter_test1,full,2024-09,-2333.29,-0.674
p2_filter_test1,full,2024-10,-3915.1,-1.107
p2_filter_test1,full,2024-11,-5862.33,-1.591
p2_filter_test1,full,2024-12,-7184.3,-1.95
p2_filter_test1,full,2025-01,-1299.27,-0.345
p2_filter_test1,full,2025-02,-1237.5,-0.315
p2_filter_test1,full,2025-03,-2775.95,-0.698
p2_filter_test1,full,2025-04,-2070.2,-0.514
p2_filter_test1,full,2025-05,-1968.06,-0.455
p2_filter_test1,full,2025-06,-3420.36,-0.775
p2_filter_test1,full,2025-07,-3014.99,-0.671
p2_filter_test1,full,2025-08,-3459.32,-0.734
p2_filter_test1,full,2025-09,-3424.87,-0.727
p2_filter_test1,full,2025-10,-3251.38,-0.682
p2_filter_test1,full,2025-11,-1322.02,-0.27
p2_filter_test1,full,2025-12,-3370.38,-0.676
p2_filter_test1,full,2026-01,-6728.88,-1.349
p2_filter_test1,full,2026-02,-7235.19,-1.451
p2_filter_test1,full,2026-03,-1833.37,-0.368
p2_filter_test2,full,2011-09,-87.33,-0.194
p2_filter_test2,full,2011-10,-77.67,-0.172
p2_filter_test2,full,2011-11,-261.86,-0.575
p2_filter_test2,full,2011-12,-399.2,-0.877
p2_filter_test2,full,2012-01,-447.61,-0.983
p2_filter_test2,full,2012-02,-399.4,-0.877
p2_filter_test2,full,2012-03,-197.27,-0.431
p2_filter_test2,full,2012-04,-171.67,-0.375
p2_filter_test2,full,2012-05,-173.04,-0.376
p2_filter_test2,full,2012-06,-139.68,-0.304
p2_filter_test2,full,2012-07,-148.85,-0.316
p2_filter_test2,full,2012-08,-69.9,-0.148
p2_filter_test2,full,2012-09,-69.27,-0.145
p2_filter_test2,full,2012-10,-219.15,-0.453
p2_filter_test2,full,2012-11,-187.0,-0.386
p2_filter_test2,full,2012-12,-140.15,-0.289
p2_filter_test2,full,2013-01,-99.1,-0.202
p2_filter_test2,full,2013-02,-256.46,-0.52
p2_filter_test2,full,2013-03,-338.01,-0.685
p2_filter_test2,full,2013-04,-290.46,-0.578
p2_filter_test2,full,2013-05,-244.58,-0.487
p2_filter_test2,full,2013-06,-151.8,-0.3
p2_filter_test2,full,2013-07,-172.0,-0.339
p2_filter_test2,full,2013-08,-205.72,-0.402
p2_filter_test2,full,2013-09,-218.0,-0.426
p2_filter_test2,full,2013-10,-197.61,-0.383
p2_filter_test2,full,2013-11,-53.32,-0.103
p2_filter_test2,full,2013-12,-342.66,-0.653
p2_filter_test2,full,2014-01,-202.79,-0.382
p2_filter_test2,full,2014-02,-178.26,-0.327
p2_filter_test2,full,2014-03,-320.77,-0.588
p2_filter_test2,full,2014-04,-178.93,-0.324
p2_filter_test2,full,2014-05,-119.67,-0.211
p2_filter_test2,full,2014-06,-285.89,-0.498
p2_filter_test2,full,2014-07,-249.97,-0.431
p2_filter_test2,full,2014-08,-209.84,-0.354
p2_filter_test2,full,2014-09,-173.07,-0.283
p2_filter_test2,full,2014-10,-136.11,-0.219
p2_filter_test2,full,2014-11,-285.63,-0.453
p2_filter_test2,full,2014-12,-394.11,-0.623
p2_filter_test2,full,2015-01,-110.88,-0.174
p2_filter_test2,full,2015-02,-100.3,-0.155
p2_filter_test2,full,2015-03,-110.09,-0.168
p2_filter_test2,full,2015-04,-212.62,-0.319
p2_filter_test2,full,2015-05,-369.94,-0.536
p2_filter_test2,full,2015-06,-629.96,-0.903
p2_filter_test2,full,2015-07,-253.67,-0.355
p2_filter_test2,full,2015-08,-735.32,-1.017
p2_filter_test2,full,2015-09,-800.12,-1.106
p2_filter_test2,full,2015-10,-466.8,-0.645
p2_filter_test2,full,2015-11,-572.85,-0.776
p2_filter_test2,full,2015-12,-304.08,-0.412
p2_filter_test2,full,2016-01,-541.54,-0.723
p2_filter_test2,full,2016-02,-908.36,-1.213
p2_filter_test2,full,2016-03,-567.1,-0.757
p2_filter_test2,full,2016-04,-1001.19,-1.33
p2_filter_test2,full,2016-05,-957.48,-1.271
p2_filter_test2,full,2016-06,-315.26,-0.418
p2_filter_test2,full,2016-07,-670.58,-0.854
p2_filter_test2,full,2016-08,-687.55,-0.875
p2_filter_test2,full,2016-09,-741.0,-0.943
p2_filter_test2,full,2016-10,-266.83,-0.335
p2_filter_test2,full,2016-11,-888.88,-1.115
p2_filter_test2,full,2016-12,-688.03,-0.861
p2_filter_test2,full,2017-01,-961.15,-1.203
p2_filter_test2,full,2017-02,-213.81,-0.261
p2_filter_test2,full,2017-03,-348.55,-0.418
p2_filter_test2,full,2017-04,-415.17,-0.488
p2_filter_test2,full,2017-05,-377.0,-0.444
p2_filter_test2,full,2017-06,-790.21,-0.909
p2_filter_test2,full,2017-07,-917.42,-1.045
p2_filter_test2,full,2017-08,-895.82,-1.02
p2_filter_test2,full,2017-09,-601.57,-0.658
p2_filter_test2,full,2017-10,-908.89,-0.977
p2_filter_test2,full,2017-11,-417.62,-0.435
p2_filter_test2,full,2017-12,-349.55,-0.349
p2_filter_test2,full,2018-01,-592.74,-0.583
p2_filter_test2,full,2018-02,-507.01,-0.491
p2_filter_test2,full,2018-03,-551.79,-0.521
p2_filter_test2,full,2018-04,-1189.0,-1.109
p2_filter_test2,full,2018-05,-1048.84,-0.978
p2_filter_test2,full,2018-06,-834.49,-0.769
p2_filter_test2,full,2018-07,-840.16,-0.746
p2_filter_test2,full,2018-08,-1007.45,-0.848
p2_filter_test2,full,2018-09,-1321.84,-1.112
p2_filter_test2,full,2018-10,-519.24,-0.419
p2_filter_test2,full,2018-11,-1080.11,-0.838
p2_filter_test2,full,2018-12,-856.21,-0.664
p2_filter_test2,full,2019-01,-886.4,-0.666
p2_filter_test2,full,2019-02,-620.62,-0.445
p2_filter_test2,full,2019-03,-303.5,-0.216
p2_filter_test2,full,2019-04,-801.32,-0.56
p2_filter_test2,full,2019-05,-644.14,-0.447
p2_filter_test2,full,2019-06,-842.76,-0.539
p2_filter_test2,full,2019-07,-3360.38,-2.116
p2_filter_test2,full,2019-08,-2991.03,-1.883
p2_filter_test2,full,2019-09,-3329.38,-1.994
p2_filter_test2,full,2019-10,-1646.26,-0.973
p2_filter_test2,full,2019-11,-1023.46,-0.598
p2_filter_test2,full,2019-12,-1242.97,-0.717
p2_filter_test2,full,2020-01,-1837.65,-1.056
p2_filter_test2,full,2020-02,-4222.18,-2.416
p2_filter_test2,full,2020-03,-2583.11,-1.478
p2_filter_test2,full,2020-04,-3082.5,-1.764
p2_filter_test2,full,2020-05,-1330.74,-0.756
p2_filter_test2,full,2020-06,-1156.35,-0.624
p2_filter_test2,full,2020-07,-543.15,-0.28
p2_filter_test2,full,2020-08,-790.86,-0.392
p2_filter_test2,full,2020-09,-2950.33,-1.422
p2_filter_test2,full,2020-10,-2949.96,-1.422
p2_filter_test2,full,2020-11,-860.33,-0.405
p2_filter_test2,full,2020-12,-4323.87,-1.931
p2_filter_test2,full,2021-01,-2699.64,-1.204
p2_filter_test2,full,2021-02,-1662.93,-0.706
p2_filter_test2,full,2021-03,-5273.97,-2.239
p2_filter_test2,full,2021-04,-4407.28,-1.871
p2_filter_test2,full,2021-05,-1855.53,-0.743
p2_filter_test2,full,2021-06,-3992.89,-1.588
p2_filter_test2,full,2021-07,-3675.07,-1.446
p2_filter_test2,full,2021-08,-7712.68,-3.034
p2_filter_test2,full,2021-09,-5295.81,-2.083
p2_filter_test2,full,2021-10,-3905.66,-1.426
p2_filter_test2,full,2021-11,-4574.59,-1.67
p2_filter_test2,full,2021-12,-4470.39,-1.632
p2_filter_test2,full,2022-01,-3341.18,-1.136
p2_filter_test2,full,2022-02,-3492.42,-1.187
p2_filter_test2,full,2022-03,-1453.55,-0.487
p2_filter_test2,full,2022-04,-1210.82,-0.406
p2_filter_test2,full,2022-05,-1507.71,-0.492
p2_filter_test2,full,2022-06,-2531.32,-0.767
p2_filter_test2,full,2022-07,-2344.36,-0.704
p2_filter_test2,full,2022-08,-4839.41,-1.428
p2_filter_test2,full,2022-09,-5010.14,-1.479
p2_filter_test2,full,2022-10,-5540.65,-1.577
p2_filter_test2,full,2022-11,-5015.65,-1.427
p2_filter_test2,full,2022-12,-2560.39,-0.687
p2_filter_test2,full,2023-01,-5027.49,-1.306
p2_filter_test2,full,2023-02,-4424.65,-1.095
p2_filter_test2,full,2023-03,-7109.35,-1.759
p2_filter_test2,full,2023-04,-4316.46,-1.018
p2_filter_test2,full,2023-05,-4927.97,-1.082
p2_filter_test2,full,2023-06,-2612.34,-0.542
p2_filter_test2,full,2023-07,-5112.78,-1.035
p2_filter_test2,full,2023-08,-3275.88,-0.651
p2_filter_test2,full,2023-09,-4815.64,-0.905
p2_filter_test2,full,2023-10,-5893.69,-1.108
p2_filter_test2,full,2023-11,-12181.45,-2.29
p2_filter_test2,full,2023-12,-16076.61,-3.023
p2_filter_test2,full,2024-01,-10285.5,-1.934
p2_filter_test2,full,2024-02,-4332.29,-0.767
p2_filter_test2,full,2024-03,-6530.66,-1.119
p2_filter_test2,full,2024-04,-5471.34,-0.926
p2_filter_test2,full,2024-05,-14458.55,-2.448
p2_filter_test2,full,2024-06,-5961.06,-0.993
p2_filter_test2,full,2024-07,-3550.44,-0.564
p2_filter_test2,full,2024-08,-4561.74,-0.725
p2_filter_test2,full,2024-09,-4350.77,-0.643
p2_filter_test2,full,2024-10,-11027.16,-1.58
p2_filter_test2,full,2024-11,-12133.98,-1.639
p2_filter_test2,full,2024-12,-13495.72,-1.823
p2_filter_test2,full,2025-01,-3901.93,-0.508
p2_filter_test2,full,2025-02,-3291.34,-0.408
p2_filter_test2,full,2025-03,-8390.87,-1.023
p2_filter_test2,full,2025-04,-4984.18,-0.599
p2_filter_test2,full,2025-05,-6145.74,-0.686
p2_filter_test2,full,2025-06,-9652.74,-1.044
p2_filter_test2,full,2025-07,-6573.5,-0.688
p2_filter_test2,full,2025-08,-11200.25,-1.105
p2_filter_test2,full,2025-09,-10693.49,-1.054
p2_filter_test2,full,2025-10,-7310.02,-0.71
p2_filter_test2,full,2025-11,-3813.87,-0.358
p2_filter_test2,full,2025-12,-4934.0,-0.452
p2_filter_test2,full,2026-01,-13043.98,-1.192
p2_filter_test2,full,2026-02,-13329.37,-1.218
p2_filter_test2,full,2026-03,-8182.18,-0.744
p2_filter_test3,full,2011-09,-87.33,-0.194
p2_filter_test3,full,2011-10,-77.67,-0.172
p2_filter_test3,full,2011-11,-261.86,-0.575
p2_filter_test3,full,2011-12,-399.2,-0.877
p2_filter_test3,full,2012-01,-447.61,-0.983
p2_filter_test3,full,2012-02,-399.4,-0.877
p2_filter_test3,full,2012-03,-197.27,-0.431
p2_filter_test3,full,2012-04,-171.67,-0.375
p2_filter_test3,full,2012-05,-173.04,-0.376
p2_filter_test3,full,2012-06,-139.68,-0.304
p2_filter_test3,full,2012-07,-147.59,-0.313
p2_filter_test3,full,2012-08,-69.9,-0.148
p2_filter_test3,full,2012-09,-69.27,-0.145
p2_filter_test3,full,2012-10,-219.15,-0.453
p2_filter_test3,full,2012-11,-170.92,-0.353
p2_filter_test3,full,2012-12,-140.74,-0.29
p2_filter_test3,full,2013-01,-99.1,-0.202
p2_filter_test3,full,2013-02,-256.46,-0.52
p2_filter_test3,full,2013-03,-338.01,-0.685
p2_filter_test3,full,2013-04,-290.46,-0.578
p2_filter_test3,full,2013-05,-244.58,-0.487
p2_filter_test3,full,2013-06,-150.39,-0.298
p2_filter_test3,full,2013-07,-169.61,-0.335
p2_filter_test3,full,2013-08,-205.72,-0.402
p2_filter_test3,full,2013-09,-218.0,-0.426
p2_filter_test3,full,2013-10,-197.61,-0.383
p2_filter_test3,full,2013-11,-55.32,-0.107
p2_filter_test3,full,2013-12,-342.66,-0.653
p2_filter_test3,full,2014-01,-202.79,-0.382
p2_filter_test3,full,2014-02,-178.26,-0.327
p2_filter_test3,full,2014-03,-320.77,-0.588
p2_filter_test3,full,2014-04,-178.93,-0.324
p2_filter_test3,full,2014-05,-119.67,-0.211
p2_filter_test3,full,2014-06,-289.75,-0.504
p2_filter_test3,full,2014-07,-249.97,-0.431
p2_filter_test3,full,2014-08,-209.84,-0.354
p2_filter_test3,full,2014-09,-173.07,-0.283
p2_filter_test3,full,2014-10,-136.11,-0.219
p2_filter_test3,full,2014-11,-285.63,-0.453
p2_filter_test3,full,2014-12,-394.11,-0.623
p2_filter_test3,full,2015-01,-126.82,-0.2
p2_filter_test3,full,2015-02,-100.3,-0.155
p2_filter_test3,full,2015-03,-103.67,-0.158
p2_filter_test3,full,2015-04,-212.62,-0.319
p2_filter_test3,full,2015-05,-369.94,-0.536
p2_filter_test3,full,2015-06,-629.96,-0.903
p2_filter_test3,full,2015-07,-243.53,-0.341
p2_filter_test3,full,2015-08,-735.32,-1.017
p2_filter_test3,full,2015-09,-800.12,-1.106
p2_filter_test3,full,2015-10,-466.8,-0.645
p2_filter_test3,full,2015-11,-542.75,-0.735
p2_filter_test3,full,2015-12,-294.56,-0.399
p2_filter_test3,full,2016-01,-541.54,-0.723
p2_filter_test3,full,2016-02,-908.36,-1.213
p2_filter_test3,full,2016-03,-567.1,-0.757
p2_filter_test3,full,2016-04,-1001.19,-1.33
p2_filter_test3,full,2016-05,-957.48,-1.271
p2_filter_test3,full,2016-06,-287.19,-0.375
p2_filter_test3,full,2016-07,-670.58,-0.854
p2_filter_test3,full,2016-08,-687.55,-0.875
p2_filter_test3,full,2016-09,-741.0,-0.943
p2_filter_test3,full,2016-10,-266.83,-0.335
p2_filter_test3,full,2016-11,-888.88,-1.115
p2_filter_test3,full,2016-12,-723.57,-0.905
p2_filter_test3,full,2017-01,-996.68,-1.247
p2_filter_test3,full,2017-02,-224.19,-0.274
p2_filter_test3,full,2017-03,-298.18,-0.358
p2_filter_test3,full,2017-04,-618.43,-0.728
p2_filter_test3,full,2017-05,-564.29,-0.664
p2_filter_test3,full,2017-06,-787.55,-0.907
p2_filter_test3,full,2017-07,-916.52,-1.046
p2_filter_test3,full,2017-08,-836.1,-0.954
p2_filter_test3,full,2017-09,-603.64,-0.659
p2_filter_test3,full,2017-10,-908.17,-0.974
p2_filter_test3,full,2017-11,-478.87,-0.494
p2_filter_test3,full,2017-12,-349.55,-0.348
p2_filter_test3,full,2018-01,-594.48,-0.584
p2_filter_test3,full,2018-02,-507.01,-0.49
p2_filter_test3,full,2018-03,-552.97,-0.521
p2_filter_test3,full,2018-04,-1186.84,-1.104
p2_filter_test3,full,2018-05,-1047.61,-0.974
p2_filter_test3,full,2018-06,-834.76,-0.766
p2_filter_test3,full,2018-07,-833.62,-0.737
p2_filter_test3,full,2018-08,-1007.6,-0.843
p2_filter_test3,full,2018-09,-1321.99,-1.107
p2_filter_test3,full,2018-10,-499.1,-0.399
p2_filter_test3,full,2018-11,-1079.08,-0.834
p2_filter_test3,full,2018-12,-1036.24,-0.801
p2_filter_test3,full,2019-01,-887.27,-0.664
p2_filter_test3,full,2019-02,-620.62,-0.443
p2_filter_test3,full,2019-03,-301.24,-0.213
p2_filter_test3,full,2019-04,-801.01,-0.557
p2_filter_test3,full,2019-05,-650.75,-0.45
p2_filter_test3,full,2019-06,-844.44,-0.539
p2_filter_test3,full,2019-07,-3286.7,-2.06
p2_filter_test3,full,2019-08,-2920.16,-1.831
p2_filter_test3,full,2019-09,-3334.03,-1.988
p2_filter_test3,full,2019-10,-1650.18,-0.97
p2_filter_test3,full,2019-11,-1023.46,-0.596
p2_filter_test3,full,2019-12,-1244.02,-0.714
p2_filter_test3,full,2020-01,-1828.15,-1.046
p2_filter_test3,full,2020-02,-4208.11,-2.396
p2_filter_test3,full,2020-03,-2534.13,-1.443
p2_filter_test3,full,2020-04,-3036.28,-1.729
p2_filter_test3,full,2020-05,-1330.74,-0.752
p2_filter_test3,full,2020-06,-1171.39,-0.629
p2_filter_test3,full,2020-07,-542.86,-0.279
p2_filter_test3,full,2020-08,-794.52,-0.392
p2_filter_test3,full,2020-09,-2927.64,-1.405
p2_filter_test3,full,2020-10,-2888.19,-1.386
p2_filter_test3,full,2020-11,-860.33,-0.403
p2_filter_test3,full,2020-12,-4323.87,-1.922
p2_filter_test3,full,2021-01,-2635.19,-1.17
p2_filter_test3,full,2021-02,-1649.48,-0.697
p2_filter_test3,full,2021-03,-4990.47,-2.11
p2_filter_test3,full,2021-04,-3971.77,-1.679
p2_filter_test3,full,2021-05,-1649.22,-0.655
p2_filter_test3,full,2021-06,-4004.52,-1.578
p2_filter_test3,full,2021-07,-3395.05,-1.325
p2_filter_test3,full,2021-08,-7163.84,-2.795
p2_filter_test3,full,2021-09,-4967.29,-1.938
p2_filter_test3,full,2021-10,-4145.68,-1.501
p2_filter_test3,full,2021-11,-5078.88,-1.838
p2_filter_test3,full,2021-12,-4762.3,-1.724
p2_filter_test3,full,2022-01,-3307.3,-1.116
p2_filter_test3,full,2022-02,-3290.47,-1.11
p2_filter_test3,full,2022-03,-1474.99,-0.49
p2_filter_test3,full,2022-04,-1121.68,-0.372
p2_filter_test3,full,2022-05,-1480.1,-0.479
p2_filter_test3,full,2022-06,-2526.46,-0.759
p2_filter_test3,full,2022-07,-2279.48,-0.669
p2_filter_test3,full,2022-08,-4871.99,-1.426
p2_filter_test3,full,2022-09,-5030.21,-1.472
p2_filter_test3,full,2022-10,-5615.34,-1.586
p2_filter_test3,full,2022-11,-4678.55,-1.318
p2_filter_test3,full,2022-12,-2649.53,-0.703
p2_filter_test3,full,2023-01,-5009.65,-1.288
p2_filter_test3,full,2023-02,-4632.81,-1.134
p2_filter_test3,full,2023-03,-7363.43,-1.803
p2_filter_test3,full,2023-04,-4335.44,-1.009
p2_filter_test3,full,2023-05,-4543.4,-0.985
p2_filter_test3,full,2023-06,-2673.2,-0.548
p2_filter_test3,full,2023-07,-4948.06,-0.987
p2_filter_test3,full,2023-08,-3420.07,-0.67
p2_filter_test3,full,2023-09,-4647.85,-0.861
p2_filter_test3,full,2023-10,-5889.62,-1.091
p2_filter_test3,full,2023-11,-11771.5,-2.181
p2_filter_test3,full,2023-12,-15807.32,-2.928
p2_filter_test3,full,2024-01,-9235.56,-1.711
p2_filter_test3,full,2024-02,-4349.86,-0.757
p2_filter_test3,full,2024-03,-6527.78,-1.101
p2_filter_test3,full,2024-04,-5659.74,-0.942
p2_filter_test3,full,2024-05,-14748.87,-2.455
p2_filter_test3,full,2024-06,-6023.3,-0.985
p2_filter_test3,full,2024-07,-3641.58,-0.568
p2_filter_test3,full,2024-08,-4472.26,-0.697
p2_filter_test3,full,2024-09,-4351.03,-0.632
p2_filter_test3,full,2024-10,-10638.77,-1.491
p2_filter_test3,full,2024-11,-12231.28,-1.616
p2_filter_test3,full,2024-12,-13068.47,-1.726
p2_filter_test3,full,2025-01,-3923.77,-0.499
p2_filter_test3,full,2025-02,-3291.6,-0.398
p2_filter_test3,full,2025-03,-8410.43,-1.001
p2_filter_test3,full,2025-04,-4892.33,-0.574
p2_filter_test3,full,2025-05,-6195.98,-0.674
p2_filter_test3,full,2025-06,-9244.81,-0.976
p2_filter_test3,full,2025-07,-6516.32,-0.665
p2_filter_test3,full,2025-08,-11194.16,-1.078
p2_filter_test3,full,2025-09,-10537.43,-1.013
p2_filter_test3,full,2025-10,-7241.84,-0.686
p2_filter_test3,full,2025-11,-3819.23,-0.349
p2_filter_test3,full,2025-12,-5078.94,-0.454
p2_filter_test3,full,2026-01,-12295.74,-1.096
p2_filter_test3,full,2026-02,-12719.04,-1.133
p2_filter_test3,full,2026-03,-6918.51,-0.614
p2_filter_test1,policy,2022-01,-44.83,-0.291
p2_filter_test1,policy,2022-02,-91.0,-0.586
p2_filter_test1,policy,2022-03,-186.18,-1.199
p2_filter_test1,policy,2022-04,-97.7,-0.629
p2_filter_test1,policy,2022-05,-44.48,-0.272
p2_filter_test1,policy,2022-06,-114.46,-0.659
p2_filter_test1,policy,2022-07,-143.18,-0.822
p2_filter_test1,policy,2022-08,-47.07,-0.268
p2_filter_test1,policy,2022-09,-117.48,-0.628
p2_filter_test1,policy,2022-10,-66.97,-0.343
p2_filter_test1,policy,2022-11,-136.49,-0.654
p2_filter_test1,policy,2022-12,-210.68,-0.985
p2_filter_test1,policy,2023-01,-186.31,-0.803
p2_filter_test1,policy,2023-02,-85.6,-0.35
p2_filter_test1,policy,2023-03,-455.21,-1.853
p2_filter_test1,policy,2023-04,-275.37,-1.121
p2_filter_test1,policy,2023-05,-331.19,-1.258
p2_filter_test1,policy,2023-06,-382.44,-1.453
p2_filter_test1,policy,2023-07,-303.28,-1.138
p2_filter_test1,policy,2023-08,-253.72,-0.95
p2_filter_test1,policy,2023-09,-223.09,-0.826
p2_filter_test1,policy,2023-10,-304.5,-1.072
p2_filter_test1,policy,2023-11,-307.91,-1.076
p2_filter_test1,policy,2023-12,-371.63,-1.268
p2_filter_test1,policy,2024-01,-323.85,-1.105
p2_filter_test1,policy,2024-02,-182.87,-0.595
p2_filter_test1,policy,2024-03,-231.69,-0.706
p2_filter_test1,policy,2024-04,-408.17,-1.243
p2_filter_test1,policy,2024-05,-328.79,-0.956
p2_filter_test1,policy,2024-06,-369.75,-1.076
p2_filter_test1,policy,2024-07,-413.86,-1.126
p2_filter_test1,policy,2024-08,-444.52,-1.179
p2_filter_test1,policy,2024-09,-328.28,-0.871
p2_filter_test1,policy,2024-10,-190.72,-0.489
p2_filter_test1,policy,2024-11,-415.2,-1.007
p2_filter_test1,policy,2024-12,-358.79,-0.844
p2_filter_test1,policy,2025-01,-290.72,-0.656
p2_filter_test1,policy,2025-02,-254.2,-0.567
p2_filter_test1,policy,2025-03,-403.18,-0.895
p2_filter_test1,policy,2025-04,-435.49,-0.944
p2_filter_test1,policy,2025-05,-482.53,-1.031
p2_filter_test1,policy,2025-06,-515.78,-1.056
p2_filter_test1,policy,2025-07,-597.41,-1.223
p2_filter_test1,policy,2025-08,-976.26,-1.875
p2_filter_test1,policy,2025-09,-939.37,-1.804
p2_filter_test1,policy,2025-10,-514.67,-0.976
p2_filter_test1,policy,2025-11,-540.99,-0.992
p2_filter_test1,policy,2025-12,-700.25,-1.204
p2_filter_test1,policy,2026-01,-629.84,-1.078
p2_filter_test1,policy,2026-02,-550.62,-0.942
p2_filter_test1,policy,2026-03,-807.7,-1.251
p2_filter_test2,policy,2022-01,-52.35,-0.337
p2_filter_test2,policy,2022-02,-104.41,-0.663
p2_filter_test2,policy,2022-03,-207.45,-1.318
p2_filter_test2,policy,2022-04,-108.76,-0.691
p2_filter_test2,policy,2022-05,-57.49,-0.343
p2_filter_test2,policy,2022-06,-158.32,-0.879
p2_filter_test2,policy,2022-07,-186.38,-1.031
p2_filter_test2,policy,2022-08,-60.44,-0.332
p2_filter_test2,policy,2022-09,-147.44,-0.746
p2_filter_test2,policy,2022-10,-91.02,-0.434
p2_filter_test2,policy,2022-11,-180.15,-0.79
p2_filter_test2,policy,2022-12,-282.83,-1.203
p2_filter_test2,policy,2023-01,-258.57,-0.992
p2_filter_test2,policy,2023-02,-117.65,-0.423
p2_filter_test2,policy,2023-03,-623.06,-2.226
p2_filter_test2,policy,2023-04,-460.36,-1.645
p2_filter_test2,policy,2023-05,-444.6,-1.487
p2_filter_test2,policy,2023-06,-506.94,-1.695
p2_filter_test2,policy,2023-07,-426.2,-1.385
p2_filter_test2,policy,2023-08,-301.16,-0.96
p2_filter_test2,policy,2023-09,-316.63,-0.999
p2_filter_test2,policy,2023-10,-441.06,-1.3
p2_filter_test2,policy,2023-11,-454.41,-1.325
p2_filter_test2,policy,2023-12,-545.08,-1.546
p2_filter_test2,policy,2024-01,-462.09,-1.31
p2_filter_test2,policy,2024-02,-275.68,-0.736
p2_filter_test2,policy,2024-03,-360.31,-0.88
p2_filter_test2,policy,2024-04,-583.71,-1.426
p2_filter_test2,policy,2024-05,-475.54,-1.098
p2_filter_test2,policy,2024-06,-556.29,-1.285
p2_filter_test2,policy,2024-07,-317.5,-0.673
p2_filter_test2,policy,2024-08,-737.34,-1.49
p2_filter_test2,policy,2024-09,-555.46,-1.122
p2_filter_test2,policy,2024-10,-298.17,-0.574
p2_filter_test2,policy,2024-11,-660.31,-1.188
p2_filter_test2,policy,2024-12,-527.59,-0.912
p2_filter_test2,policy,2025-01,-451.22,-0.737
p2_filter_test2,policy,2025-02,-421.33,-0.673
p2_filter_test2,policy,2025-03,-749.98,-1.192
p2_filter_test2,policy,2025-04,-844.06,-1.299
p2_filter_test2,policy,2025-05,-687.74,-1.04
p2_filter_test2,policy,2025-06,-925.13,-1.328
p2_filter_test2,policy,2025-07,-1118.19,-1.604
p2_filter_test2,policy,2025-08,-1740.95,-2.299
p2_filter_test2,policy,2025-09,-1635.84,-2.16
p2_filter_test2,policy,2025-10,-871.68,-1.133
p2_filter_test2,policy,2025-11,-1151.43,-1.437
p2_filter_test2,policy,2025-12,-1249.36,-1.438
p2_filter_test2,policy,2026-01,-1040.11,-1.188
p2_filter_test2,policy,2026-02,-916.28,-1.047
p2_filter_test2,policy,2026-03,-1690.22,-1.69
p2_filter_test3,policy,2022-01,-52.35,-0.337
p2_filter_test3,policy,2022-02,-104.4,-0.663
p2_filter_test3,policy,2022-03,-207.44,-1.318
p2_filter_test3,policy,2022-04,-108.76,-0.691
p2_filter_test3,policy,2022-05,-57.49,-0.343
p2_filter_test3,policy,2022-06,-158.32,-0.879
p2_filter_test3,policy,2022-07,-186.38,-1.031
p2_filter_test3,policy,2022-08,-60.44,-0.332
p2_filter_test3,policy,2022-09,-147.44,-0.746
p2_filter_test3,policy,2022-10,-91.14,-0.434
p2_filter_test3,policy,2022-11,-180.15,-0.79
p2_filter_test3,policy,2022-12,-282.23,-1.201
p2_filter_test3,policy,2023-01,-258.57,-0.992
p2_filter_test3,policy,2023-02,-117.65,-0.423
p2_filter_test3,policy,2023-03,-623.05,-2.226
p2_filter_test3,policy,2023-04,-460.35,-1.645
p2_filter_test3,policy,2023-05,-444.59,-1.487
p2_filter_test3,policy,2023-06,-506.93,-1.695
p2_filter_test3,policy,2023-07,-405.36,-1.317
p2_filter_test3,policy,2023-08,-294.98,-0.939
p2_filter_test3,policy,2023-09,-316.96,-0.998
p2_filter_test3,policy,2023-10,-438.48,-1.289
p2_filter_test3,policy,2023-11,-455.02,-1.324
p2_filter_test3,policy,2023-12,-534.07,-1.51
p2_filter_test3,policy,2024-01,-451.09,-1.275
p2_filter_test3,policy,2024-02,-276.37,-0.736
p2_filter_test3,policy,2024-03,-359.9,-0.876
p2_filter_test3,policy,2024-04,-586.22,-1.427
p2_filter_test3,policy,2024-05,-460.86,-1.059
p2_filter_test3,policy,2024-06,-541.61,-1.244
p2_filter_test3,policy,2024-07,-319.63,-0.674
p2_filter_test3,policy,2024-08,-723.23,-1.452
p2_filter_test3,policy,2024-09,-544.63,-1.094
p2_filter_test3,policy,2024-10,-299.57,-0.573
p2_filter_test3,policy,2024-11,-660.51,-1.179
p2_filter_test3,policy,2024-12,-527.01,-0.904
p2_filter_test3,policy,2025-01,-451.21,-0.731
p2_filter_test3,policy,2025-02,-426.37,-0.676
p2_filter_test3,policy,2025-03,-756.34,-1.192
p2_filter_test3,policy,2025-04,-823.11,-1.256
p2_filter_test3,policy,2025-05,-692.16,-1.038
p2_filter_test3,policy,2025-06,-903.76,-1.287
p2_filter_test3,policy,2025-07,-1113.82,-1.584
p2_filter_test3,policy,2025-08,-1745.17,-2.285
p2_filter_test3,policy,2025-09,-1707.59,-2.235
p2_filter_test3,policy,2025-10,-804.77,-1.037
p2_filter_test3,policy,2025-11,-1135.91,-1.405
p2_filter_test3,policy,2025-12,-1247.12,-1.421
p2_filter_test3,policy,2026-01,-1168.44,-1.331
p2_filter_test3,policy,2026-02,-796.58,-0.901
p2_filter_test3,policy,2026-03,-1686.58,-1.67
