branch,mode,month,monthly_pnl,monthly_return_on_mode_start_pct,month_end_equity,month_end_drawdown_amt,month_end_drawdown_pct
p2_filter_test1,full,2011-09,-4.62,-0.01,44995.38,-36.73,-0.082
p2_filter_test1,full,2011-10,133.61,0.297,45128.99,-80.08,-0.177
p2_filter_test1,full,2011-11,15.33,0.034,45144.33,-218.2,-0.481
p2_filter_test1,full,2011-12,-52.39,-0.116,45091.94,-270.59,-0.597
p2_filter_test1,full,2012-01,-35.64,-0.079,45056.3,-306.23,-0.675
p2_filter_test1,full,2012-02,455.4,1.012,45511.7,0.0,0.0
p2_filter_test1,full,2012-03,-52.3,-0.116,45459.4,-137.74,-0.302
p2_filter_test1,full,2012-04,114.43,0.254,45573.83,-23.31,-0.051
p2_filter_test1,full,2012-05,184.05,0.409,45757.88,-155.48,-0.339
p2_filter_test1,full,2012-06,628.72,1.397,46386.6,0.0,0.0
p2_filter_test1,full,2012-07,529.8,1.177,46916.4,-90.85,-0.193
p2_filter_test1,full,2012-08,446.86,0.993,47363.26,-53.6,-0.113
p2_filter_test1,full,2012-09,613.91,1.364,47977.17,0.0,0.0
p2_filter_test1,full,2012-10,-162.22,-0.36,47814.96,-242.25,-0.504
p2_filter_test1,full,2012-11,144.17,0.32,47959.13,-130.39,-0.271
p2_filter_test1,full,2012-12,192.58,0.428,48151.71,-129.47,-0.268
p2_filter_test1,full,2013-01,331.21,0.736,48482.91,-10.72,-0.022
p2_filter_test1,full,2013-02,-22.23,-0.049,48460.68,-192.99,-0.397
p2_filter_test1,full,2013-03,340.3,0.756,48800.99,-82.11,-0.168
p2_filter_test1,full,2013-04,309.84,0.689,49110.82,-313.97,-0.635
p2_filter_test1,full,2013-05,285.46,0.634,49396.28,-32.15,-0.065
p2_filter_test1,full,2013-06,157.37,0.35,49553.65,-100.2,-0.202
p2_filter_test1,full,2013-07,417.45,0.928,49971.1,-27.05,-0.054
p2_filter_test1,full,2013-08,-157.17,-0.349,49813.93,-184.22,-0.368
p2_filter_test1,full,2013-09,137.09,0.305,49951.03,-106.71,-0.213
p2_filter_test1,full,2013-10,375.06,0.833,50326.08,0.0,0.0
p2_filter_test1,full,2013-11,425.44,0.945,50751.52,0.0,0.0
p2_filter_test1,full,2013-12,450.94,1.002,51202.45,0.0,0.0
p2_filter_test1,full,2014-01,734.32,1.632,51936.77,-0.93,-0.002
p2_filter_test1,full,2014-02,441.56,0.981,52378.33,-132.71,-0.253
p2_filter_test1,full,2014-03,484.63,1.077,52862.97,0.0,0.0
p2_filter_test1,full,2014-04,634.5,1.41,53497.47,-75.28,-0.141
p2_filter_test1,full,2014-05,824.73,1.833,54322.2,0.0,0.0
p2_filter_test1,full,2014-06,334.9,0.744,54657.1,0.0,0.0
p2_filter_test1,full,2014-07,1272.1,2.827,55929.2,-44.37,-0.079
p2_filter_test1,full,2014-08,339.12,0.754,56268.32,-98.43,-0.175
p2_filter_test1,full,2014-09,1204.97,2.678,57473.29,0.0,0.0
p2_filter_test1,full,2014-10,942.53,2.095,58415.82,0.0,0.0
p2_filter_test1,full,2014-11,129.34,0.287,58545.16,0.0,0.0
p2_filter_test1,full,2014-12,363.33,0.807,58908.49,-119.9,-0.203
p2_filter_test1,full,2015-01,475.23,1.056,59383.72,-16.12,-0.027
p2_filter_test1,full,2015-02,558.52,1.241,59942.24,-55.8,-0.093
p2_filter_test1,full,2015-03,740.58,1.646,60682.83,0.0,0.0
p2_filter_test1,full,2015-04,1849.11,4.109,62531.94,0.0,0.0
p2_filter_test1,full,2015-05,110.42,0.245,62642.36,-175.21,-0.279
p2_filter_test1,full,2015-06,741.38,1.648,63383.74,0.0,0.0
p2_filter_test1,full,2015-07,506.16,1.125,63889.9,-137.84,-0.215
p2_filter_test1,full,2015-08,330.69,0.735,64220.59,-399.7,-0.619
p2_filter_test1,full,2015-09,91.99,0.204,64312.59,-307.71,-0.476
p2_filter_test1,full,2015-10,30.63,0.068,64343.22,-277.07,-0.429
p2_filter_test1,full,2015-11,936.92,2.082,65280.14,-57.26,-0.088
p2_filter_test1,full,2015-12,470.47,1.045,65750.6,-62.73,-0.095
p2_filter_test1,full,2016-01,-149.17,-0.331,65601.44,-350.48,-0.531
p2_filter_test1,full,2016-02,-85.14,-0.189,65516.3,-435.62,-0.661
p2_filter_test1,full,2016-03,303.98,0.676,65820.28,-245.7,-0.372
p2_filter_test1,full,2016-04,187.94,0.418,66008.22,-139.13,-0.21
p2_filter_test1,full,2016-05,-165.38,-0.368,65842.84,-304.51,-0.46
p2_filter_test1,full,2016-06,1761.73,3.915,67604.57,-168.08,-0.248
p2_filter_test1,full,2016-07,446.31,0.992,68050.89,-31.56,-0.046
p2_filter_test1,full,2016-08,80.34,0.179,68131.23,-173.87,-0.255
p2_filter_test1,full,2016-09,707.09,1.571,68838.32,-33.85,-0.049
p2_filter_test1,full,2016-10,108.55,0.241,68946.86,-222.53,-0.322
p2_filter_test1,full,2016-11,37.15,0.083,68984.02,-185.37,-0.268
p2_filter_test1,full,2016-12,-513.51,-1.141,68470.51,-698.88,-1.01
p2_filter_test1,full,2017-01,834.7,1.855,69305.21,-94.86,-0.137
p2_filter_test1,full,2017-02,973.48,2.163,70278.68,-13.42,-0.019
p2_filter_test1,full,2017-03,1114.36,2.476,71393.04,0.0,0.0
p2_filter_test1,full,2017-04,430.47,0.957,71823.5,-139.38,-0.194
p2_filter_test1,full,2017-05,906.09,2.014,72729.6,0.0,0.0
p2_filter_test1,full,2017-06,345.31,0.767,73074.91,-109.69,-0.15
p2_filter_test1,full,2017-07,-43.59,-0.097,73031.32,-523.97,-0.712
p2_filter_test1,full,2017-08,2247.99,4.996,75279.31,0.0,0.0
p2_filter_test1,full,2017-09,1116.57,2.481,76395.88,-127.17,-0.166
p2_filter_test1,full,2017-10,1148.26,2.552,77544.14,0.0,0.0
p2_filter_test1,full,2017-11,3622.48,8.05,81166.61,0.0,0.0
p2_filter_test1,full,2017-12,-188.36,-0.419,80978.26,-254.5,-0.313
p2_filter_test1,full,2018-01,994.04,2.209,81972.3,-43.6,-0.053
p2_filter_test1,full,2018-02,1506.64,3.348,83478.94,-29.94,-0.036
p2_filter_test1,full,2018-03,1013.36,2.252,84492.29,0.0,0.0
p2_filter_test1,full,2018-04,-559.92,-1.244,83932.38,-707.27,-0.836
p2_filter_test1,full,2018-05,1635.35,3.634,85567.73,-542.59,-0.63
p2_filter_test1,full,2018-06,2498.86,5.553,88066.59,-404.97,-0.458
p2_filter_test1,full,2018-07,3419.2,7.598,91485.79,-36.9,-0.04
p2_filter_test1,full,2018-08,520.76,1.157,92006.55,-545.33,-0.589
p2_filter_test1,full,2018-09,3375.17,7.5,95381.72,-283.34,-0.296
p2_filter_test1,full,2018-10,1439.94,3.2,96821.65,-11.32,-0.012
p2_filter_test1,full,2018-11,849.58,1.888,97671.24,-585.42,-0.596
p2_filter_test1,full,2018-12,1956.2,4.347,99627.44,-94.15,-0.094
p2_filter_test1,full,2019-01,3563.65,7.919,103191.09,0.0,0.0
p2_filter_test1,full,2019-02,948.7,2.108,104139.79,-41.53,-0.04
p2_filter_test1,full,2019-03,1246.39,2.77,105386.18,0.0,0.0
p2_filter_test1,full,2019-04,927.15,2.06,106313.33,-260.14,-0.244
p2_filter_test1,full,2019-05,5071.54,11.27,111384.87,0.0,0.0
p2_filter_test1,full,2019-06,904.53,2.01,112289.4,-168.81,-0.15
p2_filter_test1,full,2019-07,1230.86,2.735,113520.27,-1186.03,-1.034
p2_filter_test1,full,2019-08,1623.55,3.608,115143.81,-786.9,-0.679
p2_filter_test1,full,2019-09,5420.86,12.046,120564.68,0.0,0.0
p2_filter_test1,full,2019-10,556.71,1.237,121121.39,-442.73,-0.364
p2_filter_test1,full,2019-11,1646.44,3.659,122767.82,-163.41,-0.133
p2_filter_test1,full,2019-12,941.3,2.092,123709.13,-230.19,-0.186
p2_filter_test1,full,2020-01,307.36,0.683,124016.49,-553.87,-0.445
p2_filter_test1,full,2020-02,-810.87,-1.802,123205.62,-1364.73,-1.096
p2_filter_test1,full,2020-03,98.41,0.219,123304.03,-1266.33,-1.017
p2_filter_test1,full,2020-04,86.17,0.191,123390.19,-1180.16,-0.947
p2_filter_test1,full,2020-05,4236.1,9.414,127626.29,0.0,0.0
p2_filter_test1,full,2020-06,4044.97,8.989,131671.27,-178.71,-0.136
p2_filter_test1,full,2020-07,2963.28,6.585,134634.55,-61.93,-0.046
p2_filter_test1,full,2020-08,1403.36,3.119,136037.9,-393.39,-0.288
p2_filter_test1,full,2020-09,2051.59,4.559,138089.5,-1229.02,-0.882
p2_filter_test1,full,2020-10,1909.3,4.243,139998.79,0.0,0.0
p2_filter_test1,full,2020-11,3168.15,7.04,143166.95,0.0,0.0
p2_filter_test1,full,2020-12,1425.16,3.167,144592.11,-730.78,-0.503
p2_filter_test1,full,2021-01,2114.3,4.698,146706.41,-518.14,-0.352
p2_filter_test1,full,2021-02,2416.3,5.37,149122.71,-809.44,-0.54
p2_filter_test1,full,2021-03,-1361.78,-3.026,147760.93,-2171.22,-1.448
p2_filter_test1,full,2021-04,4664.62,10.366,152425.54,-532.61,-0.348
p2_filter_test1,full,2021-05,3757.06,8.349,156182.6,-680.63,-0.434
p2_filter_test1,full,2021-06,2433.29,5.407,158615.89,-1.13,-0.001
p2_filter_test1,full,2021-07,-1330.28,-2.956,157285.62,-1525.26,-0.96
p2_filter_test1,full,2021-08,362.02,0.804,157647.64,-1163.24,-0.732
p2_filter_test1,full,2021-09,7164.26,15.921,164811.9,-84.64,-0.051
p2_filter_test1,full,2021-10,1063.44,2.363,165875.34,-1389.89,-0.831
p2_filter_test1,full,2021-11,234.29,0.521,166109.63,-1155.6,-0.691
p2_filter_test1,full,2021-12,6493.77,14.431,172603.4,0.0,0.0
p2_filter_test1,full,2022-01,4044.79,8.988,176648.19,-687.68,-0.388
p2_filter_test1,full,2022-02,3861.98,8.582,180510.17,0.0,0.0
p2_filter_test1,full,2022-03,2051.82,4.56,182561.98,-173.6,-0.095
p2_filter_test1,full,2022-04,1478.02,3.284,184040.0,0.0,0.0
p2_filter_test1,full,2022-05,3470.02,7.711,187510.02,-638.81,-0.34
p2_filter_test1,full,2022-06,11557.51,25.683,199067.53,-317.71,-0.159
p2_filter_test1,full,2022-07,2289.41,5.088,201356.94,-672.77,-0.333
p2_filter_test1,full,2022-08,-178.21,-0.396,201178.73,-850.98,-0.421
p2_filter_test1,full,2022-09,4866.73,10.815,206045.46,-1946.24,-0.936
p2_filter_test1,full,2022-10,675.89,1.502,206721.35,-1794.18,-0.86
p2_filter_test1,full,2022-11,2644.74,5.877,209366.09,-209.35,-0.1
p2_filter_test1,full,2022-12,8216.49,18.259,217582.58,-1499.7,-0.685
p2_filter_test1,full,2023-01,9406.47,20.903,226989.05,0.0,0.0
p2_filter_test1,full,2023-02,1679.76,3.733,228668.81,-2554.28,-1.105
p2_filter_test1,full,2023-03,7437.49,16.528,236106.29,-1969.54,-0.827
p2_filter_test1,full,2023-04,15832.95,35.184,251939.25,0.0,0.0
p2_filter_test1,full,2023-05,3901.01,8.669,255840.26,-338.66,-0.132
p2_filter_test1,full,2023-06,8667.33,19.261,264507.59,-1134.54,-0.427
p2_filter_test1,full,2023-07,5947.25,13.216,270454.84,0.0,0.0
p2_filter_test1,full,2023-08,4673.84,10.386,275128.68,-31.2,-0.011
p2_filter_test1,full,2023-09,7284.16,16.187,282412.84,-1385.91,-0.488
p2_filter_test1,full,2023-10,-238.2,-0.529,282174.64,-1805.93,-0.636
p2_filter_test1,full,2023-11,-1498.46,-3.33,280676.18,-3304.39,-1.164
p2_filter_test1,full,2023-12,2563.37,5.696,283239.55,-741.02,-0.261
p2_filter_test1,full,2024-01,10138.59,22.53,293378.14,-4.35,-0.001
p2_filter_test1,full,2024-02,14309.99,31.8,307688.13,0.0,0.0
p2_filter_test1,full,2024-03,2175.65,4.835,309863.79,0.0,0.0
p2_filter_test1,full,2024-04,141.81,0.315,310005.59,-2126.51,-0.681
p2_filter_test1,full,2024-05,203.59,0.452,310209.18,-1922.93,-0.616
p2_filter_test1,full,2024-06,8445.66,18.768,318654.84,0.0,0.0
p2_filter_test1,full,2024-07,8154.28,18.121,326809.12,-1734.09,-0.528
p2_filter_test1,full,2024-08,17978.3,39.952,344787.42,-99.28,-0.029
p2_filter_test1,full,2024-09,7267.07,16.149,352054.48,-1481.82,-0.419
p2_filter_test1,full,2024-10,10554.75,23.455,362609.23,-1.29,-0.0
p2_filter_test1,full,2024-11,-12.84,-0.029,362596.39,-5862.33,-1.591
p2_filter_test1,full,2024-12,4796.31,10.658,367392.69,-1066.02,-0.289
p2_filter_test1,full,2025-01,14477.6,32.172,381870.29,-128.11,-0.034
p2_filter_test1,full,2025-02,9859.69,21.91,391729.98,-1237.5,-0.315
p2_filter_test1,full,2025-03,7053.11,15.674,398783.1,-362.67,-0.091
p2_filter_test1,full,2025-04,19739.02,43.864,418522.12,-418.28,-0.1
p2_filter_test1,full,2025-05,12811.59,28.47,431333.71,-1645.53,-0.38
p2_filter_test1,full,2025-06,10341.93,22.982,441675.64,-915.58,-0.207
p2_filter_test1,full,2025-07,21492.0,47.76,463167.64,0.0,0.0
p2_filter_test1,full,2025-08,5834.15,12.965,469001.79,-2163.79,-0.459
p2_filter_test1,full,2025-09,3047.73,6.773,472049.52,-474.23,-0.1
p2_filter_test1,full,2025-10,10834.75,24.077,482884.27,-575.41,-0.119
p2_filter_test1,full,2025-11,15878.97,35.287,498763.24,0.0,0.0
p2_filter_test1,full,2025-12,-3250.93,-7.224,495512.3,-3252.01,-0.652
p2_filter_test1,full,2026-01,-2816.05,-6.258,492696.25,-6068.06,-1.217
p2_filter_test1,full,2026-02,4663.74,10.364,497359.99,-1404.32,-0.282
p2_filter_test1,full,2026-03,12875.85,28.613,510235.84,-28.71,-0.006
p2_filter_test2,full,2011-09,17.02,0.038,45017.02,-44.01,-0.098
p2_filter_test2,full,2011-10,189.98,0.422,45207.0,-77.67,-0.172
p2_filter_test2,full,2011-11,59.19,0.132,45266.18,-261.86,-0.575
p2_filter_test2,full,2011-12,-100.56,-0.223,45165.63,-362.42,-0.796
p2_filter_test2,full,2012-01,-39.43,-0.088,45126.2,-401.84,-0.883
p2_filter_test2,full,2012-02,545.61,1.212,45671.81,0.0,0.0
p2_filter_test2,full,2012-03,-40.85,-0.091,45630.96,-152.13,-0.332
p2_filter_test2,full,2012-04,93.53,0.208,45724.49,-58.6,-0.128
p2_filter_test2,full,2012-05,132.69,0.295,45857.18,-160.39,-0.349
p2_filter_test2,full,2012-06,730.68,1.624,46587.86,0.0,0.0
p2_filter_test2,full,2012-07,491.82,1.093,47079.68,-80.71,-0.171
p2_filter_test2,full,2012-08,597.28,1.327,47676.96,-55.22,-0.116
p2_filter_test2,full,2012-09,613.59,1.364,48290.54,0.0,0.0
p2_filter_test2,full,2012-10,-122.09,-0.271,48168.45,-219.15,-0.453
p2_filter_test2,full,2012-11,167.53,0.372,48335.98,-148.55,-0.306
p2_filter_test2,full,2012-12,376.09,0.836,48712.06,-47.82,-0.098
p2_filter_test2,full,2013-01,440.44,0.979,49152.51,-16.94,-0.034
p2_filter_test2,full,2013-02,-75.98,-0.169,49076.53,-256.46,-0.52
p2_filter_test2,full,2013-03,341.7,0.759,49418.23,-109.4,-0.221
p2_filter_test2,full,2013-04,539.54,1.199,49957.77,-282.24,-0.562
p2_filter_test2,full,2013-05,375.17,0.834,50332.93,-41.68,-0.083
p2_filter_test2,full,2013-06,193.89,0.431,50526.83,-151.8,-0.3
p2_filter_test2,full,2013-07,561.97,1.249,51088.8,-39.91,-0.078
p2_filter_test2,full,2013-08,-165.81,-0.368,50922.99,-205.72,-0.402
p2_filter_test2,full,2013-09,184.06,0.409,51107.05,-90.29,-0.176
p2_filter_test2,full,2013-10,528.81,1.175,51635.86,0.0,0.0
p2_filter_test2,full,2013-11,600.02,1.333,52235.88,0.0,0.0
p2_filter_test2,full,2013-12,619.45,1.377,52855.34,0.0,0.0
p2_filter_test2,full,2014-01,962.36,2.139,53817.69,-1.05,-0.002
p2_filter_test2,full,2014-02,584.56,1.299,54402.25,-178.26,-0.327
p2_filter_test2,full,2014-03,654.95,1.455,55057.2,0.0,0.0
p2_filter_test2,full,2014-04,942.13,2.094,55999.33,-109.83,-0.196
p2_filter_test2,full,2014-05,1160.45,2.579,57159.78,0.0,0.0
p2_filter_test2,full,2014-06,495.15,1.1,57654.94,0.0,0.0
p2_filter_test2,full,2014-07,1599.24,3.554,59254.18,-60.72,-0.102
p2_filter_test2,full,2014-08,573.41,1.274,59827.59,-36.09,-0.06
p2_filter_test2,full,2014-09,1867.24,4.149,61694.83,0.0,0.0
p2_filter_test2,full,2014-10,1228.4,2.73,62923.23,0.0,0.0
p2_filter_test2,full,2014-11,169.68,0.377,63092.91,0.0,0.0
p2_filter_test2,full,2014-12,245.09,0.545,63338.01,-166.27,-0.262
p2_filter_test2,full,2015-01,719.04,1.598,64057.05,0.0,0.0
p2_filter_test2,full,2015-02,812.41,1.805,64869.45,-100.3,-0.154
p2_filter_test2,full,2015-03,1133.85,2.52,66003.3,0.0,0.0
p2_filter_test2,full,2015-04,2981.55,6.626,68984.85,0.0,0.0
p2_filter_test2,full,2015-05,539.83,1.2,69524.68,-243.77,-0.349
p2_filter_test2,full,2015-06,861.86,1.915,70386.54,0.0,0.0
p2_filter_test2,full,2015-07,816.77,1.815,71203.31,-173.76,-0.243
p2_filter_test2,full,2015-08,376.54,0.837,71579.85,-735.32,-1.017
p2_filter_test2,full,2015-09,665.57,1.479,72245.41,-69.75,-0.096
p2_filter_test2,full,2015-10,11.08,0.025,72256.49,-71.99,-0.1
p2_filter_test2,full,2015-11,1470.86,3.269,73727.35,-137.33,-0.186
p2_filter_test2,full,2015-12,936.27,2.081,74663.62,-68.8,-0.092
p2_filter_test2,full,2016-01,-296.32,-0.658,74367.3,-541.54,-0.723
p2_filter_test2,full,2016-02,-23.98,-0.053,74343.32,-565.52,-0.755
p2_filter_test2,full,2016-03,528.14,1.174,74871.46,-383.4,-0.509
p2_filter_test2,full,2016-04,250.12,0.556,75121.58,-229.47,-0.305
p2_filter_test2,full,2016-05,-136.69,-0.304,74984.9,-366.16,-0.486
p2_filter_test2,full,2016-06,2781.21,6.18,77766.1,-256.88,-0.329
p2_filter_test2,full,2016-07,120.04,0.267,77886.14,-670.58,-0.854
p2_filter_test2,full,2016-08,374.56,0.832,78260.7,-296.03,-0.377
p2_filter_test2,full,2016-09,873.36,1.941,79134.05,-20.43,-0.026
p2_filter_test2,full,2016-10,286.81,0.637,79420.86,-266.83,-0.335
p2_filter_test2,full,2016-11,292.89,0.651,79713.76,0.0,0.0
p2_filter_test2,full,2016-12,-480.04,-1.067,79233.72,-688.03,-0.861
p2_filter_test2,full,2017-01,1216.49,2.703,80450.21,-102.35,-0.127
p2_filter_test2,full,2017-02,1580.29,3.512,82030.49,0.0,0.0
p2_filter_test2,full,2017-03,1638.46,3.641,83668.95,0.0,0.0
p2_filter_test2,full,2017-04,915.91,2.035,84584.86,-414.62,-0.488
p2_filter_test2,full,2017-05,1481.47,3.292,86066.33,0.0,0.0
p2_filter_test2,full,2017-06,929.13,2.065,86995.47,-69.89,-0.08
p2_filter_test2,full,2017-07,-105.5,-0.234,86889.96,-895.73,-1.02
p2_filter_test2,full,2017-08,3879.16,8.62,90769.13,0.0,0.0
p2_filter_test2,full,2017-09,1581.59,3.515,92350.72,-218.48,-0.236
p2_filter_test2,full,2017-10,2238.54,4.975,94589.26,0.0,0.0
p2_filter_test2,full,2017-11,5436.11,12.08,100025.37,0.0,0.0
p2_filter_test2,full,2017-12,-131.76,-0.293,99893.61,-275.89,-0.275
p2_filter_test2,full,2018-01,1999.43,4.443,101893.04,-27.29,-0.027
p2_filter_test2,full,2018-02,2937.22,6.527,104830.26,-37.56,-0.036
p2_filter_test2,full,2018-03,2199.54,4.888,107029.8,0.0,0.0
p2_filter_test2,full,2018-04,-696.58,-1.548,106333.22,-906.07,-0.845
p2_filter_test2,full,2018-05,1389.74,3.088,107722.96,-848.6,-0.782
p2_filter_test2,full,2018-06,3612.65,8.028,111335.62,-535.17,-0.478
p2_filter_test2,full,2018-07,5382.64,11.961,116718.26,-56.61,-0.048
p2_filter_test2,full,2018-08,1127.22,2.505,117845.48,-1007.45,-0.848
p2_filter_test2,full,2018-09,5897.44,13.105,123742.92,-312.06,-0.252
p2_filter_test2,full,2018-10,2755.04,6.122,126497.96,0.0,0.0
p2_filter_test2,full,2018-11,1323.87,2.942,127821.84,-1080.11,-0.838
p2_filter_test2,full,2018-12,2629.35,5.843,130451.18,-65.98,-0.051
p2_filter_test2,full,2019-01,6254.26,13.898,136705.44,0.0,0.0
p2_filter_test2,full,2019-02,3388.61,7.53,140094.05,-30.44,-0.022
p2_filter_test2,full,2019-03,1371.31,3.047,141465.35,-25.91,-0.018
p2_filter_test2,full,2019-04,2048.31,4.552,143513.66,-459.91,-0.319
p2_filter_test2,full,2019-05,10572.27,23.494,154085.93,0.0,0.0
p2_filter_test2,full,2019-06,1294.31,2.876,155380.24,-842.76,-0.539
p2_filter_test2,full,2019-07,506.2,1.125,155886.44,-2936.43,-1.849
p2_filter_test2,full,2019-08,1499.19,3.332,157385.63,-2032.79,-1.275
p2_filter_test2,full,2019-09,9862.08,21.916,167247.71,0.0,0.0
p2_filter_test2,full,2019-10,1551.68,3.448,168799.4,-641.74,-0.379
p2_filter_test2,full,2019-11,3524.23,7.832,172323.62,-329.63,-0.191
p2_filter_test2,full,2019-12,1312.32,2.916,173635.95,-325.48,-0.187
p2_filter_test2,full,2020-01,173.21,0.385,173809.16,-961.73,-0.55
p2_filter_test2,full,2020-02,-1426.43,-3.17,172382.73,-2388.16,-1.366
p2_filter_test2,full,2020-03,739.52,1.643,173122.25,-1648.64,-0.943
p2_filter_test2,full,2020-04,1021.21,2.269,174143.46,-851.43,-0.487
p2_filter_test2,full,2020-05,8150.42,18.112,182293.88,0.0,0.0
p2_filter_test2,full,2020-06,8762.38,19.472,191056.25,-133.87,-0.07
p2_filter_test2,full,2020-07,6048.63,13.441,197104.88,-78.65,-0.04
p2_filter_test2,full,2020-08,3890.06,8.645,200994.95,-790.86,-0.392
p2_filter_test2,full,2020-09,3572.28,7.938,204567.22,-2950.33,-1.422
p2_filter_test2,full,2020-10,4144.82,9.211,208712.05,0.0,0.0
p2_filter_test2,full,2020-11,6735.23,14.967,215447.27,0.0,0.0
p2_filter_test2,full,2020-12,8416.01,18.702,223863.29,-328.85,-0.147
p2_filter_test2,full,2021-01,4889.37,10.865,228752.66,-976.82,-0.425
p2_filter_test2,full,2021-02,5083.92,11.298,233836.58,-1662.93,-0.706
p2_filter_test2,full,2021-03,-2881.31,-6.403,230955.26,-4544.24,-1.93
p2_filter_test2,full,2021-04,9746.53,21.659,240701.79,-972.42,-0.402
p2_filter_test2,full,2021-05,7302.93,16.229,248004.73,-1855.53,-0.743
p2_filter_test2,full,2021-06,5624.31,12.498,253629.04,-4.18,-0.002
p2_filter_test2,full,2021-07,-2916.63,-6.481,250712.41,-3528.88,-1.388
p2_filter_test2,full,2021-08,-461.09,-1.025,250251.32,-3989.97,-1.569
p2_filter_test2,full,2021-09,18388.12,40.862,268639.44,-37.99,-0.014
p2_filter_test2,full,2021-10,1574.48,3.499,270213.93,-3658.88,-1.336
p2_filter_test2,full,2021-11,-150.19,-0.334,270063.73,-3809.07,-1.391
p2_filter_test2,full,2021-12,12404.96,27.567,282468.69,0.0,0.0
p2_filter_test2,full,2022-01,9680.64,21.513,292149.33,-1996.91,-0.679
p2_filter_test2,full,2022-02,1851.21,4.114,294000.54,-221.99,-0.075
p2_filter_test2,full,2022-03,4141.13,9.203,298141.66,-156.24,-0.052
p2_filter_test2,full,2022-04,5509.73,12.244,303651.39,0.0,0.0
p2_filter_test2,full,2022-05,2818.26,6.263,306469.65,-1319.3,-0.429
p2_filter_test2,full,2022-06,25805.65,57.346,332275.3,-616.25,-0.185
p2_filter_test2,full,2022-07,4261.99,9.471,336537.29,-2279.48,-0.673
p2_filter_test2,full,2022-08,133.88,0.298,336671.18,-2145.6,-0.633
p2_filter_test2,full,2022-09,10434.48,23.188,347105.65,-4263.24,-1.213
p2_filter_test2,full,2022-10,-338.63,-0.753,346767.02,-4601.88,-1.31
p2_filter_test2,full,2022-11,4853.22,10.785,351620.24,-195.42,-0.056
p2_filter_test2,full,2022-12,20005.71,44.457,371625.95,-1087.77,-0.292
p2_filter_test2,full,2023-01,22560.13,50.134,394186.08,-10.48,-0.003
p2_filter_test2,full,2023-02,5471.3,12.158,399657.38,-4424.65,-1.095
p2_filter_test2,full,2023-03,13503.98,30.009,413161.36,-3660.55,-0.878
p2_filter_test2,full,2023-04,32310.37,71.801,445471.73,0.0,0.0
p2_filter_test2,full,2023-05,10811.85,24.026,456283.59,-247.72,-0.054
p2_filter_test2,full,2023-06,23868.44,53.041,480152.03,-1639.96,-0.34
p2_filter_test2,full,2023-07,20822.58,46.272,500974.61,0.0,0.0
p2_filter_test2,full,2023-08,10318.21,22.929,511292.82,-2.54,-0.0
p2_filter_test2,full,2023-09,16624.74,36.944,527917.57,-3942.17,-0.741
p2_filter_test2,full,2023-10,-1840.05,-4.089,526077.52,-5782.22,-1.087
p2_filter_test2,full,2023-11,-6399.23,-14.221,519678.28,-12181.45,-2.29
p2_filter_test2,full,2023-12,3259.93,7.244,522938.21,-8921.53,-1.677
p2_filter_test2,full,2024-01,28118.26,62.485,551056.47,0.0,0.0
p2_filter_test2,full,2024-02,31385.52,69.746,582441.99,0.0,0.0
p2_filter_test2,full,2024-03,2315.51,5.146,584757.5,-434.82,-0.074
p2_filter_test2,full,2024-04,983.22,2.185,585740.73,-4874.88,-0.825
p2_filter_test2,full,2024-05,2283.46,5.074,588024.19,-2591.41,-0.439
p2_filter_test2,full,2024-06,17823.6,39.608,605847.79,0.0,0.0
p2_filter_test2,full,2024-07,21252.99,47.229,627100.78,-2410.99,-0.383
p2_filter_test2,full,2024-08,44849.96,99.667,671950.73,-529.2,-0.079
p2_filter_test2,full,2024-09,22079.02,49.064,694029.76,-4058.62,-0.581
p2_filter_test2,full,2024-10,32388.73,71.975,726418.48,0.0,0.0
p2_filter_test2,full,2024-11,2750.52,6.112,729169.0,-11269.82,-1.522
p2_filter_test2,full,2024-12,14506.21,32.236,743675.21,-369.33,-0.05
p2_filter_test2,full,2025-01,35622.38,79.161,779297.58,0.0,0.0
p2_filter_test2,full,2025-02,24494.19,54.432,803791.77,-3291.34,-0.408
p2_filter_test2,full,2025-03,19135.26,42.523,822927.03,-814.77,-0.099
p2_filter_test2,full,2025-04,53456.53,118.792,876383.56,-885.46,-0.101
p2_filter_test2,full,2025-05,20125.41,44.723,896508.97,-4652.47,-0.516
p2_filter_test2,full,2025-06,25858.15,57.463,922367.12,-2263.52,-0.245
p2_filter_test2,full,2025-07,62911.6,139.804,985278.72,0.0,0.0
p2_filter_test2,full,2025-08,22179.28,49.287,1007458.0,-5896.04,-0.582
p2_filter_test2,full,2025-09,6726.67,14.948,1014184.67,-684.31,-0.067
p2_filter_test2,full,2025-10,34105.86,75.791,1048290.53,-1641.92,-0.156
p2_filter_test2,full,2025-11,44101.42,98.003,1092391.95,-137.52,-0.013
p2_filter_test2,full,2025-12,-1764.25,-3.921,1090627.7,-3784.48,-0.346
p2_filter_test2,full,2026-01,-6467.1,-14.371,1084160.6,-10251.58,-0.937
p2_filter_test2,full,2026-02,9543.73,21.208,1093704.32,-5949.85,-0.541
p2_filter_test2,full,2026-03,23524.27,52.276,1117228.59,-70.4,-0.006
p2_filter_test3,full,2011-09,17.02,0.038,45017.02,-44.01,-0.098
p2_filter_test3,full,2011-10,189.98,0.422,45207.0,-77.67,-0.172
p2_filter_test3,full,2011-11,59.19,0.132,45266.18,-261.86,-0.575
p2_filter_test3,full,2011-12,-100.56,-0.223,45165.63,-362.42,-0.796
p2_filter_test3,full,2012-01,-39.43,-0.088,45126.2,-401.84,-0.883
p2_filter_test3,full,2012-02,545.61,1.212,45671.81,0.0,0.0
p2_filter_test3,full,2012-03,-40.85,-0.091,45630.96,-152.13,-0.332
p2_filter_test3,full,2012-04,93.53,0.208,45724.49,-58.6,-0.128
p2_filter_test3,full,2012-05,132.69,0.295,45857.18,-160.39,-0.349
p2_filter_test3,full,2012-06,730.68,1.624,46587.86,0.0,0.0
p2_filter_test3,full,2012-07,491.82,1.093,47079.68,-80.71,-0.171
p2_filter_test3,full,2012-08,597.28,1.327,47676.96,-55.22,-0.116
p2_filter_test3,full,2012-09,613.59,1.364,48290.54,0.0,0.0
p2_filter_test3,full,2012-10,-122.09,-0.271,48168.45,-219.15,-0.453
p2_filter_test3,full,2012-11,167.53,0.372,48335.98,-148.55,-0.306
p2_filter_test3,full,2012-12,376.09,0.836,48712.06,-47.82,-0.098
p2_filter_test3,full,2013-01,440.44,0.979,49152.51,-16.94,-0.034
p2_filter_test3,full,2013-02,-75.98,-0.169,49076.53,-256.46,-0.52
p2_filter_test3,full,2013-03,341.7,0.759,49418.23,-109.4,-0.221
p2_filter_test3,full,2013-04,539.54,1.199,49957.77,-282.24,-0.562
p2_filter_test3,full,2013-05,375.17,0.834,50332.93,-41.68,-0.083
p2_filter_test3,full,2013-06,193.89,0.431,50526.83,-149.41,-0.295
p2_filter_test3,full,2013-07,561.97,1.249,51088.8,-39.91,-0.078
p2_filter_test3,full,2013-08,-165.81,-0.368,50922.99,-205.72,-0.402
p2_filter_test3,full,2013-09,184.06,0.409,51107.05,-90.29,-0.176
p2_filter_test3,full,2013-10,528.81,1.175,51635.86,0.0,0.0
p2_filter_test3,full,2013-11,600.02,1.333,52235.88,0.0,0.0
p2_filter_test3,full,2013-12,619.45,1.377,52855.34,0.0,0.0
p2_filter_test3,full,2014-01,962.36,2.139,53817.69,-0.63,-0.001
p2_filter_test3,full,2014-02,584.56,1.299,54402.25,-178.26,-0.327
p2_filter_test3,full,2014-03,654.95,1.455,55057.2,0.0,0.0
p2_filter_test3,full,2014-04,942.13,2.094,55999.33,-109.83,-0.196
p2_filter_test3,full,2014-05,1160.45,2.579,57159.78,0.0,0.0
p2_filter_test3,full,2014-06,495.15,1.1,57654.94,0.0,0.0
p2_filter_test3,full,2014-07,1599.24,3.554,59254.18,-60.72,-0.102
p2_filter_test3,full,2014-08,573.41,1.274,59827.59,-36.09,-0.06
p2_filter_test3,full,2014-09,1867.24,4.149,61694.83,0.0,0.0
p2_filter_test3,full,2014-10,1228.4,2.73,62923.23,0.0,0.0
p2_filter_test3,full,2014-11,169.68,0.377,63092.91,0.0,0.0
p2_filter_test3,full,2014-12,245.09,0.545,63338.01,-166.27,-0.262
p2_filter_test3,full,2015-01,719.04,1.598,64057.05,0.0,0.0
p2_filter_test3,full,2015-02,812.41,1.805,64869.45,-100.3,-0.154
p2_filter_test3,full,2015-03,1133.85,2.52,66003.3,0.0,0.0
p2_filter_test3,full,2015-04,2981.55,6.626,68984.85,0.0,0.0
p2_filter_test3,full,2015-05,539.83,1.2,69524.68,-243.77,-0.349
p2_filter_test3,full,2015-06,861.86,1.915,70386.54,0.0,0.0
p2_filter_test3,full,2015-07,816.77,1.815,71203.31,-163.62,-0.229
p2_filter_test3,full,2015-08,376.54,0.837,71579.85,-735.32,-1.017
p2_filter_test3,full,2015-09,665.57,1.479,72245.41,-69.75,-0.096
p2_filter_test3,full,2015-10,11.08,0.025,72256.49,-71.99,-0.1
p2_filter_test3,full,2015-11,1470.86,3.269,73727.35,-127.82,-0.173
p2_filter_test3,full,2015-12,936.27,2.081,74663.62,-66.73,-0.089
p2_filter_test3,full,2016-01,-296.32,-0.658,74367.3,-541.54,-0.723
p2_filter_test3,full,2016-02,-23.98,-0.053,74343.32,-565.52,-0.755
p2_filter_test3,full,2016-03,528.14,1.174,74871.46,-383.4,-0.509
p2_filter_test3,full,2016-04,250.12,0.556,75121.58,-229.47,-0.305
p2_filter_test3,full,2016-05,-136.69,-0.304,74984.9,-366.16,-0.486
p2_filter_test3,full,2016-06,2781.21,6.18,77766.1,-256.88,-0.329
p2_filter_test3,full,2016-07,120.04,0.267,77886.14,-670.58,-0.854
p2_filter_test3,full,2016-08,374.56,0.832,78260.7,-296.03,-0.377
p2_filter_test3,full,2016-09,873.36,1.941,79134.05,-20.43,-0.026
p2_filter_test3,full,2016-10,286.81,0.637,79420.86,-266.83,-0.335
p2_filter_test3,full,2016-11,292.89,0.651,79713.76,0.0,0.0
p2_filter_test3,full,2016-12,-480.04,-1.067,79233.72,-723.57,-0.905
p2_filter_test3,full,2017-01,1216.52,2.703,80450.24,-102.35,-0.127
p2_filter_test3,full,2017-02,1613.09,3.585,82063.33,0.0,0.0
p2_filter_test3,full,2017-03,1679.71,3.733,83743.04,0.0,0.0
p2_filter_test3,full,2017-04,626.72,1.393,84369.76,-614.09,-0.723
p2_filter_test3,full,2017-05,1516.41,3.37,85886.17,0.0,0.0
p2_filter_test3,full,2017-06,928.02,2.062,86814.19,-69.89,-0.08
p2_filter_test3,full,2017-07,-54.19,-0.12,86760.0,-840.84,-0.96
p2_filter_test3,full,2017-08,4197.86,9.329,90957.86,0.0,0.0
p2_filter_test3,full,2017-09,1609.52,3.577,92567.38,-217.6,-0.235
p2_filter_test3,full,2017-10,2271.09,5.047,94838.47,0.0,0.0
p2_filter_test3,full,2017-11,5441.21,12.092,100279.68,0.0,0.0
p2_filter_test3,full,2017-12,-134.88,-0.3,100144.8,-279.01,-0.278
p2_filter_test3,full,2018-01,2002.48,4.45,102147.28,-27.29,-0.027
p2_filter_test3,full,2018-02,2945.05,6.545,105092.33,-38.38,-0.037
p2_filter_test3,full,2018-03,2223.76,4.942,107316.08,0.0,0.0
p2_filter_test3,full,2018-04,-694.55,-1.543,106621.53,-904.05,-0.841
p2_filter_test3,full,2018-05,1519.51,3.377,108141.04,-845.21,-0.776
p2_filter_test3,full,2018-06,3652.63,8.117,111793.67,-535.17,-0.476
p2_filter_test3,full,2018-07,5430.29,12.067,117223.96,-43.03,-0.037
p2_filter_test3,full,2018-08,1234.11,2.742,118458.07,-1007.6,-0.843
p2_filter_test3,full,2018-09,5929.31,13.176,124387.39,-322.57,-0.259
p2_filter_test3,full,2018-10,2662.9,5.918,127050.29,0.0,0.0
p2_filter_test3,full,2018-11,1315.65,2.924,128365.95,-1079.08,-0.834
p2_filter_test3,full,2018-12,2632.83,5.851,130998.78,-68.5,-0.052
p2_filter_test3,full,2019-01,6228.54,13.841,137227.32,0.0,0.0
p2_filter_test3,full,2019-02,3394.65,7.544,140621.98,-31.54,-0.022
p2_filter_test3,full,2019-03,1391.26,3.092,142013.24,-19.73,-0.014
p2_filter_test3,full,2019-04,2108.33,4.685,144121.57,-400.19,-0.277
p2_filter_test3,full,2019-05,10514.62,23.366,154636.19,0.0,0.0
p2_filter_test3,full,2019-06,1294.02,2.876,155930.21,-844.44,-0.539
p2_filter_test3,full,2019-07,727.13,1.616,156657.34,-2862.75,-1.795
p2_filter_test3,full,2019-08,1498.41,3.33,158155.75,-2034.23,-1.27
p2_filter_test3,full,2019-09,9888.57,21.975,168044.32,0.0,0.0
p2_filter_test3,full,2019-10,1554.14,3.454,169598.46,-641.46,-0.377
p2_filter_test3,full,2019-11,3571.27,7.936,173169.73,-329.63,-0.19
p2_filter_test3,full,2019-12,1324.69,2.944,174494.42,-316.96,-0.181
p2_filter_test3,full,2020-01,179.77,0.399,174674.19,-961.73,-0.548
p2_filter_test3,full,2020-02,-1391.92,-3.093,173282.27,-2353.65,-1.34
p2_filter_test3,full,2020-03,753.99,1.676,174036.26,-1599.66,-0.911
p2_filter_test3,full,2020-04,1033.93,2.298,175070.19,-851.43,-0.484
p2_filter_test3,full,2020-05,8172.12,18.16,183242.31,0.0,0.0
p2_filter_test3,full,2020-06,8797.1,19.549,192039.41,-137.7,-0.072
p2_filter_test3,full,2020-07,6081.57,13.515,198120.98,-82.85,-0.042
p2_filter_test3,full,2020-08,3674.98,8.167,201795.96,-794.52,-0.392
p2_filter_test3,full,2020-09,3630.9,8.069,205426.86,-2927.64,-1.405
p2_filter_test3,full,2020-10,4272.03,9.493,209698.89,0.0,0.0
p2_filter_test3,full,2020-11,6748.7,14.997,216447.59,0.0,0.0
p2_filter_test3,full,2020-12,8414.19,18.698,224861.78,-294.72,-0.131
p2_filter_test3,full,2021-01,4936.61,10.97,229798.39,-966.01,-0.419
p2_filter_test3,full,2021-02,5112.52,11.361,234910.91,-1649.48,-0.697
p2_filter_test3,full,2021-03,-2413.61,-5.364,232497.3,-4063.08,-1.718
p2_filter_test3,full,2021-04,9848.43,21.885,242345.73,-984.89,-0.405
p2_filter_test3,full,2021-05,7827.98,17.396,250173.71,-1649.22,-0.655
p2_filter_test3,full,2021-06,5503.87,12.231,255677.58,-113.16,-0.044
p2_filter_test3,full,2021-07,-2544.05,-5.653,253133.53,-3164.96,-1.235
p2_filter_test3,full,2021-08,-538.27,-1.196,252595.26,-3703.24,-1.445
p2_filter_test3,full,2021-09,19042.76,42.317,271638.02,-104.1,-0.038
p2_filter_test3,full,2021-10,472.19,1.049,272110.21,-4145.68,-1.501
p2_filter_test3,full,2021-11,31.0,0.069,272141.21,-4114.68,-1.489
p2_filter_test3,full,2021-12,11840.73,26.313,283981.94,0.0,0.0
p2_filter_test3,full,2022-01,10498.63,23.33,294480.57,-1955.85,-0.66
p2_filter_test3,full,2022-02,2016.74,4.482,296497.31,-201.82,-0.068
p2_filter_test3,full,2022-03,4203.16,9.34,300700.47,-147.01,-0.049
p2_filter_test3,full,2022-04,5455.28,12.123,306155.76,0.0,0.0
p2_filter_test3,full,2022-05,3048.0,6.773,309203.76,-1322.14,-0.426
p2_filter_test3,full,2022-06,25871.0,57.491,335074.76,-616.25,-0.184
p2_filter_test3,full,2022-07,4417.83,9.817,339492.59,-2279.48,-0.667
p2_filter_test3,full,2022-08,128.38,0.285,339620.97,-2151.1,-0.629
p2_filter_test3,full,2022-09,10045.89,22.324,349666.86,-4279.06,-1.209
p2_filter_test3,full,2022-10,1291.22,2.869,350958.08,-4124.75,-1.162
p2_filter_test3,full,2022-11,4586.51,10.192,355544.59,-273.97,-0.077
p2_filter_test3,full,2022-12,20087.59,44.639,375632.18,-1198.29,-0.318
p2_filter_test3,full,2023-01,22985.91,51.08,398618.09,-26.95,-0.007
p2_filter_test3,full,2023-02,5227.81,11.617,403845.9,-4632.81,-1.134
p2_filter_test3,full,2023-03,14636.74,32.526,418482.64,-3498.6,-0.829
p2_filter_test3,full,2023-04,32730.65,72.735,451213.28,0.0,0.0
p2_filter_test3,full,2023-05,11681.45,25.959,462894.73,-223.52,-0.048
p2_filter_test3,full,2023-06,23522.61,52.272,486417.35,-1531.54,-0.314
p2_filter_test3,full,2023-07,22075.18,49.056,508492.52,0.0,0.0
p2_filter_test3,full,2023-08,10774.2,23.943,519266.72,0.0,0.0
p2_filter_test3,full,2023-09,16779.7,37.288,536046.42,-3771.74,-0.699
p2_filter_test3,full,2023-10,-1889.48,-4.199,534156.95,-5661.22,-1.049
p2_filter_test3,full,2023-11,-6110.29,-13.578,528046.66,-11771.5,-2.181
p2_filter_test3,full,2023-12,3931.89,8.738,531978.55,-7839.61,-1.452
p2_filter_test3,full,2024-01,28490.99,63.313,560469.54,-1.55,-0.0
p2_filter_test3,full,2024-02,31572.9,70.162,592042.44,0.0,0.0
p2_filter_test3,full,2024-03,2541.73,5.648,594584.17,-406.37,-0.068
p2_filter_test3,full,2024-04,1171.23,2.603,595755.4,-5118.86,-0.852
p2_filter_test3,full,2024-05,3432.82,7.628,599188.22,-1686.04,-0.281
p2_filter_test3,full,2024-06,18258.19,40.574,617446.4,0.0,0.0
p2_filter_test3,full,2024-07,21846.88,48.549,639293.28,-2272.44,-0.354
p2_filter_test3,full,2024-08,45384.64,100.855,684677.92,-523.98,-0.076
p2_filter_test3,full,2024-09,24802.45,55.117,709480.36,-3872.18,-0.543
p2_filter_test3,full,2024-10,33510.82,74.468,742991.19,0.0,0.0
p2_filter_test3,full,2024-11,2792.03,6.205,745783.21,-11180.76,-1.477
p2_filter_test3,full,2024-12,15397.54,34.217,761180.76,0.0,0.0
p2_filter_test3,full,2025-01,37626.9,83.615,798807.66,0.0,0.0
p2_filter_test3,full,2025-02,25096.22,55.769,823903.87,-3291.6,-0.398
p2_filter_test3,full,2025-03,19083.84,42.409,842987.71,-922.23,-0.109
p2_filter_test3,full,2025-04,53867.81,119.706,896855.52,-894.93,-0.1
p2_filter_test3,full,2025-05,22032.63,48.961,918888.15,-4719.77,-0.511
p2_filter_test3,full,2025-06,27157.1,60.349,946045.25,-1687.78,-0.178
p2_filter_test3,full,2025-07,64930.9,144.291,1010976.16,0.0,0.0
p2_filter_test3,full,2025-08,22034.0,48.964,1033010.16,-5761.21,-0.555
p2_filter_test3,full,2025-09,7858.58,17.464,1040868.74,-579.03,-0.056
p2_filter_test3,full,2025-10,34624.77,76.944,1075493.51,-1639.0,-0.152
p2_filter_test3,full,2025-11,43345.14,96.323,1118838.65,-61.88,-0.006
p2_filter_test3,full,2025-12,138.45,0.308,1118977.1,-3353.38,-0.299
p2_filter_test3,full,2026-01,-6132.75,-13.628,1112844.35,-9486.13,-0.845
p2_filter_test3,full,2026-02,9434.02,20.964,1122278.37,-5405.79,-0.479
p2_filter_test3,full,2026-03,26377.33,58.616,1148655.7,-101.49,-0.009
p2_filter_test1,policy,2022-01,349.52,2.33,15349.52,-35.93,-0.234
p2_filter_test1,policy,2022-02,83.72,0.558,15433.24,-91.0,-0.586
p2_filter_test1,policy,2022-03,-14.02,-0.093,15419.22,-105.02,-0.676
p2_filter_test1,policy,2022-04,611.01,4.073,16030.23,0.0,0.0
p2_filter_test1,policy,2022-05,1068.33,7.122,17098.56,0.0,0.0
p2_filter_test1,policy,2022-06,155.07,1.034,17253.63,-107.3,-0.618
p2_filter_test1,policy,2022-07,243.83,1.626,17497.46,0.0,0.0
p2_filter_test1,policy,2022-08,914.08,6.094,18411.55,0.0,0.0
p2_filter_test1,policy,2022-09,211.11,1.407,18622.66,-76.6,-0.41
p2_filter_test1,policy,2022-10,1286.7,8.578,19909.36,0.0,0.0
p2_filter_test1,policy,2022-11,1236.34,8.242,21145.7,0.0,0.0
p2_filter_test1,policy,2022-12,1094.93,7.3,22240.63,-31.17,-0.14
p2_filter_test1,policy,2023-01,950.83,6.339,23191.46,-20.74,-0.089
p2_filter_test1,policy,2023-02,1162.15,7.748,24353.61,-85.6,-0.35
p2_filter_test1,policy,2023-03,83.18,0.555,24436.8,-134.16,-0.546
p2_filter_test1,policy,2023-04,1209.89,8.066,25646.69,0.0,0.0
p2_filter_test1,policy,2023-05,342.54,2.284,25989.23,-331.19,-1.258
p2_filter_test1,policy,2023-06,316.41,2.109,26305.64,-315.74,-1.186
p2_filter_test1,policy,2023-07,398.43,2.656,26704.07,0.0,0.0
p2_filter_test1,policy,2023-08,121.96,0.813,26826.03,-174.87,-0.648
p2_filter_test1,policy,2023-09,902.78,6.019,27728.82,-3.46,-0.012
p2_filter_test1,policy,2023-10,539.02,3.593,28267.83,-148.5,-0.523
p2_filter_test1,policy,2023-11,193.73,1.292,28461.57,-165.39,-0.578
p2_filter_test1,policy,2023-12,469.73,3.132,28931.3,-371.63,-1.268
p2_filter_test1,policy,2024-01,1296.71,8.645,30228.02,0.0,0.0
p2_filter_test1,policy,2024-02,625.36,4.169,30853.38,-124.52,-0.402
p2_filter_test1,policy,2024-03,1754.15,11.694,32607.53,-231.69,-0.706
p2_filter_test1,policy,2024-04,1431.89,9.546,34039.41,0.0,0.0
p2_filter_test1,policy,2024-05,10.57,0.07,34049.98,-328.79,-0.956
p2_filter_test1,policy,2024-06,1676.46,11.176,35726.43,0.0,0.0
p2_filter_test1,policy,2024-07,745.04,4.967,36471.47,-297.28,-0.809
p2_filter_test1,policy,2024-08,926.56,6.177,37398.03,-297.43,-0.789
p2_filter_test1,policy,2024-09,886.76,5.912,38284.8,-223.36,-0.58
p2_filter_test1,policy,2024-10,2171.75,14.478,40456.54,0.0,0.0
p2_filter_test1,policy,2024-11,425.11,2.834,40881.65,-367.84,-0.892
p2_filter_test1,policy,2024-12,1934.89,12.899,42816.54,-110.46,-0.257
p2_filter_test1,policy,2025-01,1486.91,9.913,44303.45,-119.16,-0.268
p2_filter_test1,policy,2025-02,739.53,4.93,45042.98,0.0,0.0
p2_filter_test1,policy,2025-03,891.41,5.943,45934.39,-173.65,-0.377
p2_filter_test1,policy,2025-04,784.66,5.231,46719.05,-96.33,-0.206
p2_filter_test1,policy,2025-05,1267.96,8.453,47987.01,-185.75,-0.386
p2_filter_test1,policy,2025-06,561.74,3.745,48548.75,-308.51,-0.631
p2_filter_test1,policy,2025-07,926.33,6.176,49475.08,-108.49,-0.219
p2_filter_test1,policy,2025-08,2007.49,13.383,51482.56,-598.44,-1.149
p2_filter_test1,policy,2025-09,734.13,4.894,52216.69,-494.66,-0.938
p2_filter_test1,policy,2025-10,2288.76,15.258,54505.45,-28.16,-0.052
p2_filter_test1,policy,2025-11,2458.89,16.393,56964.34,-113.44,-0.199
p2_filter_test1,policy,2025-12,509.32,3.395,57473.66,-700.25,-1.204
p2_filter_test1,policy,2026-01,354.54,2.364,57828.2,-605.9,-1.037
p2_filter_test1,policy,2026-02,2208.98,14.727,60037.18,-256.79,-0.426
p2_filter_test1,policy,2026-03,3970.84,26.472,64008.02,-566.36,-0.877
p2_filter_test2,policy,2022-01,519.02,3.46,15519.02,-37.34,-0.24
p2_filter_test2,policy,2022-02,115.89,0.773,15634.91,-104.41,-0.663
p2_filter_test2,policy,2022-03,-41.06,-0.274,15593.85,-145.47,-0.924
p2_filter_test2,policy,2022-04,759.22,5.061,16353.07,0.0,0.0
p2_filter_test2,policy,2022-05,1303.1,8.687,17656.17,0.0,0.0
p2_filter_test2,policy,2022-06,208.81,1.392,17864.98,-141.43,-0.785
p2_filter_test2,policy,2022-07,295.9,1.973,18160.88,0.0,0.0
p2_filter_test2,policy,2022-08,1210.71,8.071,19371.59,0.0,0.0
p2_filter_test2,policy,2022-09,323.5,2.157,19695.09,-79.37,-0.401
p2_filter_test2,policy,2022-10,1774.31,11.829,21469.39,0.0,0.0
p2_filter_test2,policy,2022-11,1717.74,11.452,23187.13,0.0,0.0
p2_filter_test2,policy,2022-12,1514.46,10.096,24701.59,-45.45,-0.184
p2_filter_test2,policy,2023-01,1343.51,8.957,26045.1,-25.21,-0.097
p2_filter_test2,policy,2023-02,1638.9,10.926,27684.0,-117.65,-0.423
p2_filter_test2,policy,2023-03,110.68,0.738,27794.69,-189.53,-0.677
p2_filter_test2,policy,2023-04,1081.67,7.211,28876.36,0.0,0.0
p2_filter_test2,policy,2023-05,583.13,3.888,29459.49,-444.6,-1.487
p2_filter_test2,policy,2023-06,825.32,5.502,30284.82,-327.85,-1.071
p2_filter_test2,policy,2023-07,549.98,3.667,30834.79,0.0,0.0
p2_filter_test2,policy,2023-08,607.05,4.047,31441.84,-250.55,-0.791
p2_filter_test2,policy,2023-09,1306.3,8.709,32748.14,-5.37,-0.016
p2_filter_test2,policy,2023-10,969.5,6.463,33717.64,-203.97,-0.601
p2_filter_test2,policy,2023-11,341.59,2.277,34059.23,-222.69,-0.65
p2_filter_test2,policy,2023-12,659.5,4.397,34718.73,-545.08,-1.546
p2_filter_test2,policy,2024-01,1965.34,13.102,36684.07,0.0,0.0
p2_filter_test2,policy,2024-02,1008.36,6.722,37692.42,-179.07,-0.473
p2_filter_test2,policy,2024-03,2888.39,19.256,40580.82,-360.31,-0.88
p2_filter_test2,policy,2024-04,2184.79,14.565,42765.61,0.0,0.0
p2_filter_test2,policy,2024-05,54.69,0.365,42820.3,-475.54,-1.098
p2_filter_test2,policy,2024-06,2675.33,17.836,45495.63,0.0,0.0
p2_filter_test2,policy,2024-07,1892.82,12.619,47388.45,0.0,0.0
p2_filter_test2,policy,2024-08,1617.89,10.786,49006.34,-487.38,-0.985
p2_filter_test2,policy,2024-09,1516.97,10.113,50523.31,-331.33,-0.652
p2_filter_test2,policy,2024-10,3819.68,25.465,54342.98,0.0,0.0
p2_filter_test2,policy,2024-11,665.09,4.434,55008.08,-595.7,-1.071
p2_filter_test2,policy,2024-12,3517.47,23.45,58525.54,-187.82,-0.32
p2_filter_test2,policy,2025-01,2943.46,19.623,61469.0,0.0,0.0
p2_filter_test2,policy,2025-02,1438.06,9.587,62907.06,0.0,0.0
p2_filter_test2,policy,2025-03,1783.7,11.891,64690.77,-289.12,-0.445
p2_filter_test2,policy,2025-04,1326.73,8.845,66017.5,-92.82,-0.14
p2_filter_test2,policy,2025-05,2202.76,14.685,68220.26,-322.34,-0.47
p2_filter_test2,policy,2025-06,944.06,6.294,69164.32,-553.52,-0.794
p2_filter_test2,policy,2025-07,1882.53,12.55,71046.85,-69.19,-0.097
p2_filter_test2,policy,2025-08,3644.02,24.293,74690.88,-1034.97,-1.367
p2_filter_test2,policy,2025-09,1431.52,9.543,76122.39,-825.77,-1.073
p2_filter_test2,policy,2025-10,3935.34,26.236,80057.73,-55.45,-0.069
p2_filter_test2,policy,2025-11,4327.2,28.848,84384.93,-261.0,-0.308
p2_filter_test2,policy,2025-12,1264.72,8.431,85649.65,-1249.36,-1.438
p2_filter_test2,policy,2026-01,945.63,6.304,86595.28,-943.91,-1.078
p2_filter_test2,policy,2026-02,4679.3,31.195,91274.58,-410.15,-0.447
p2_filter_test2,policy,2026-03,7615.96,50.773,98890.53,-1112.24,-1.112
p2_filter_test3,policy,2022-01,518.92,3.459,15518.92,-37.34,-0.24
p2_filter_test3,policy,2022-02,115.89,0.773,15634.81,-104.4,-0.663
p2_filter_test3,policy,2022-03,-41.06,-0.274,15593.75,-145.47,-0.924
p2_filter_test3,policy,2022-04,759.21,5.061,16352.96,0.0,0.0
p2_filter_test3,policy,2022-05,1303.09,8.687,17656.05,0.0,0.0
p2_filter_test3,policy,2022-06,208.81,1.392,17864.86,-141.43,-0.785
p2_filter_test3,policy,2022-07,295.9,1.973,18160.76,0.0,0.0
p2_filter_test3,policy,2022-08,1210.7,8.071,19371.45,0.0,0.0
p2_filter_test3,policy,2022-09,323.49,2.157,19694.95,-79.37,-0.401
p2_filter_test3,policy,2022-10,1774.29,11.829,21469.23,0.0,0.0
p2_filter_test3,policy,2022-11,1717.72,11.451,23186.96,0.0,0.0
p2_filter_test3,policy,2022-12,1514.44,10.096,24701.4,-45.45,-0.184
p2_filter_test3,policy,2023-01,1343.5,8.957,26044.9,-25.21,-0.097
p2_filter_test3,policy,2023-02,1638.88,10.926,27683.78,-117.65,-0.423
p2_filter_test3,policy,2023-03,110.68,0.738,27794.46,-189.53,-0.677
p2_filter_test3,policy,2023-04,1081.66,7.211,28876.13,0.0,0.0
p2_filter_test3,policy,2023-05,583.12,3.887,29459.25,-444.59,-1.487
p2_filter_test3,policy,2023-06,825.32,5.502,30284.57,-327.85,-1.071
p2_filter_test3,policy,2023-07,580.22,3.868,30864.79,0.0,0.0
p2_filter_test3,policy,2023-08,638.35,4.256,31503.14,-250.78,-0.79
p2_filter_test3,policy,2023-09,1327.59,8.851,32830.74,-5.46,-0.017
p2_filter_test3,policy,2023-10,973.44,6.49,33804.17,-200.83,-0.591
p2_filter_test3,policy,2023-11,341.36,2.276,34145.53,-222.69,-0.648
p2_filter_test3,policy,2023-12,691.21,4.608,34836.74,-534.07,-1.51
p2_filter_test3,policy,2024-01,1966.45,13.11,36803.19,0.0,0.0
p2_filter_test3,policy,2024-02,1027.94,6.853,37831.13,-178.76,-0.47
p2_filter_test3,policy,2024-03,2896.08,19.307,40727.21,-359.9,-0.876
p2_filter_test3,policy,2024-04,2267.18,15.115,42994.39,0.0,0.0
p2_filter_test3,policy,2024-05,70.34,0.469,43064.73,-460.86,-1.059
p2_filter_test3,policy,2024-06,2726.16,18.174,45790.89,0.0,0.0
p2_filter_test3,policy,2024-07,1895.39,12.636,47686.29,0.0,0.0
p2_filter_test3,policy,2024-08,1637.47,10.916,49323.76,-473.37,-0.951
p2_filter_test3,policy,2024-09,1530.86,10.206,50854.62,-332.28,-0.649
p2_filter_test3,policy,2024-10,3859.18,25.728,54713.8,0.0,0.0
p2_filter_test3,policy,2024-11,701.34,4.676,55415.14,-595.24,-1.063
p2_filter_test3,policy,2024-12,3584.43,23.896,58999.58,-187.94,-0.318
p2_filter_test3,policy,2025-01,2952.01,19.68,61951.58,0.0,0.0
p2_filter_test3,policy,2025-02,1490.69,9.938,63442.27,0.0,0.0
p2_filter_test3,policy,2025-03,1815.71,12.105,65257.98,-265.22,-0.405
p2_filter_test3,policy,2025-04,1331.79,8.879,66589.76,-95.32,-0.143
p2_filter_test3,policy,2025-05,2202.51,14.683,68792.28,-322.33,-0.466
p2_filter_test3,policy,2025-06,970.31,6.469,69762.59,-548.67,-0.78
p2_filter_test3,policy,2025-07,1928.76,12.858,71691.35,-33.84,-0.047
p2_filter_test3,policy,2025-08,3662.76,24.418,75354.11,-1035.45,-1.355
p2_filter_test3,policy,2025-09,1405.33,9.369,76759.44,-821.68,-1.059
p2_filter_test3,policy,2025-10,4038.08,26.921,80797.52,-34.77,-0.043
p2_filter_test3,policy,2025-11,4406.26,29.375,85203.78,-262.43,-0.307
p2_filter_test3,policy,2025-12,1321.21,8.808,86524.98,-1247.12,-1.421
p2_filter_test3,policy,2026-01,977.51,6.517,87502.49,-941.99,-1.065
p2_filter_test3,policy,2026-02,4700.5,31.337,92202.99,-409.35,-0.442
p2_filter_test3,policy,2026-03,7663.66,51.091,99866.65,-1105.27,-1.095
