entry_time_utc;exit_time_utc;ticket;symbol;direction;volume;entry_price;exit_price;stop_price;tp_price;initial_risk;exit_reason;gross_profit;commission;swap;net_profit;r_value;score;confidence_mult;regime;comment
2025.12.01 14:05:00;2025.12.01 16:32:15;3;US100.cash;long;1.48;25222.63;25185.47;25185.59;25370.01;113.37;close;-50.73;0.00;0.00;-50.73;-0.328;0;1.00;bull;sl 25185.59
2025.12.01 13:40:00;2025.12.01 16:32:15;2;US100.cash;long;1.81;25208.03;25184.33;25184.50;25358.06;115.40;close;-38.77;0.00;0.00;-38.77;-0.205;0;1.00;bull;sl 25184.50
2025.12.03 14:15:00;2025.12.03 17:03:25;8;US100.cash;short;0.66;25398.34;25516.29;25516.19;25151.82;189.63;close;-75.00;0.00;0.00;-75.00;-0.622;0;1.00;bull;sl 25516.19
2025.12.04 16:00:00;2025.12.04 18:51:41;10;US100.cash;short;0.78;25485.73;25587.74;25587.74;25279.53;158.61;stop;-76.98;0.00;0.00;-76.98;-0.643;0;1.00;bull;sl 25587.74
2025.12.04 19:15:00;2025.12.04 21:36:37;12;US100.cash;short;0.42;25497.22;25554.52;25554.46;25285.87;162.58;close;-22.67;0.00;0.00;-22.67;-0.352;0;1.00;bull;sl 25554.46
2025.12.08 15:55:00;2025.12.08 22:59:41;14;US100.cash;short;0.74;25620.81;25632.05;25632.05;25405.82;165.38;stop;-5.55;0.00;0.00;-5.55;-0.068;0;1.00;bull;sl 25632.05
2025.12.08 16:20:00;2025.12.08 22:59:41;15;US100.cash;short;0.73;25620.21;25633.58;25633.32;25402.11;167.76;close;-6.81;0.00;0.00;-6.81;-0.080;0;1.00;bull;sl 25633.32
2025.12.08 16:45:00;2025.12.08 22:59:41;16;US100.cash;short;0.49;25599.41;25633.58;25633.32;25381.32;167.76;close;-14.91;0.00;0.00;-14.91;-0.204;0;1.00;bull;sl 25633.32
2025.12.10 14:20:00;2025.12.10 18:18:28;22;US100.cash;short;0.60;25619.71;25593.50;25593.36;25441.98;136.71;close;18.15;0.00;0.00;18.15;0.192;0;1.00;bull;sl 25593.36
2025.12.10 12:55:00;2025.12.10 18:18:29;20;US100.cash;short;0.74;25612.51;25594.14;25594.11;25432.97;138.11;close;16.66;0.00;0.00;16.66;0.133;0;1.00;bull;sl 25594.11
2025.12.10 13:55:00;2025.12.10 18:27:13;21;US100.cash;short;0.59;25637.10;25620.01;25620.01;25457.56;138.11;stop;12.30;0.00;0.00;12.30;0.124;0;1.00;bull;sl 25620.01
2025.12.10 16:15:00;2025.12.10 21:00:37;25;US100.cash;short;0.83;25602.76;25655.66;25655.46;25409.32;148.80;close;-40.47;0.00;0.00;-40.47;-0.356;0;1.00;bull;sl 25655.46
2025.12.10 16:40:00;2025.12.10 21:00:37;27;US100.cash;short;0.55;25590.81;25655.66;25655.46;25397.37;148.80;close;-33.45;0.00;0.00;-33.45;-0.436;0;1.00;bull;sl 25655.46
2025.12.10 17:05:00;2025.12.10 21:00:37;28;US100.cash;short;0.55;25602.81;25655.66;25655.46;25409.37;148.80;close;-27.12;0.00;0.00;-27.12;-0.355;0;1.00;bull;sl 25655.46
2025.12.11 13:30:00;2025.12.11 17:00:40;32;US100.cash;short;0.53;25616.51;25367.19;25487.53;25367.20;191.77;tp;134.12;0.00;0.00;134.12;1.300;0;1.00;bull;tp 25367.20
2025.12.11 13:55:00;2025.12.11 17:08:20;33;US100.cash;short;0.42;25611.61;25487.56;25487.53;25362.30;191.77;close;53.92;0.00;0.00;53.92;0.647;0;1.00;bull;sl 25487.53
2025.12.11 17:15:00;2025.12.12 01:06:20;38;US100.cash;long;1.16;25562.98;25678.40;25689.55;25843.56;215.83;close;136.82;0.00;-6.44;130.38;0.535;0;1.00;bull;sl 25678.85
2025.12.11 17:55:00;2025.12.12 01:06:20;39;US100.cash;long;0.64;25571.59;25678.40;25689.55;25852.16;215.83;close;70.62;0.00;-3.55;67.07;0.495;0;1.00;bull;sl 25678.85
2025.12.17 13:40:00;2025.12.17 17:45:16;43;US100.cash;short;0.29;25191.17;24877.12;25022.82;24877.30;241.44;close;91.97;0.00;0.00;91.97;1.301;0;1.00;bull;tp 24877.30
2025.12.17 13:15:00;2025.12.17 17:45:40;42;US100.cash;short;0.44;25167.87;24855.62;25022.10;24855.75;240.10;close;138.92;0.00;0.00;138.92;1.301;0;1.00;bull;tp 24855.75
2025.12.18 15:25:00;2025.12.18 19:09:37;46;US100.cash;long;0.97;25092.71;25024.55;25024.68;25442.54;269.10;close;-63.83;0.00;0.00;-63.83;-0.253;0;1.00;bull;sl 25024.68
2025.12.18 15:50:00;2025.12.18 19:09:40;47;US100.cash;long;0.63;25150.22;25020.68;25020.69;25509.78;276.58;stop;-79.80;0.00;0.00;-79.80;-0.468;0;1.00;bull;sl 25020.69
2025.12.18 16:20:00;2025.12.18 19:09:40;48;US100.cash;long;0.95;25147.12;25020.36;25020.45;25507.26;277.03;close;-118.27;0.00;0.00;-118.27;-0.458;0;1.00;bull;sl 25020.45
2025.12.18 18:05:00;2025.12.18 21:33:42;52;US100.cash;long;0.54;25112.72;25008.72;25008.80;25448.49;258.29;close;-54.66;0.00;0.00;-54.66;-0.403;0;1.00;bull;sl 25008.80
2025.12.18 18:30:00;2025.12.18 21:33:44;53;US100.cash;long;0.54;25134.32;25007.33;25007.34;25473.63;261.01;stop;-67.02;0.00;0.00;-67.02;-0.487;0;1.00;bull;sl 25007.34
2025.12.19 19:30:00;2025.12.22 17:36:32;56;US100.cash;long;0.80;25345.95;25404.52;25404.62;25683.87;259.94;close;49.26;0.00;-13.32;35.94;0.225;0;1.00;bull;sl 25404.62
2025.12.19 20:20:00;2025.12.22 17:36:32;58;US100.cash;long;0.81;25348.65;25404.52;25404.62;25686.57;259.94;close;47.52;0.00;-13.48;34.04;0.215;0;1.00;bull;sl 25404.62
2025.12.22 15:35:00;2025.12.23 16:30:59;61;US100.cash;short;0.65;25407.74;25485.63;25485.37;25153.95;195.22;close;-48.02;0.00;-0.36;-48.38;-0.399;0;1.00;bull;sl 25485.37
2025.12.19 19:55:00;2025.12.26 01:14:24;57;US100.cash;long;0.53;25334.15;25672.09;25516.62;25672.07;259.94;close;180.33;0.00;-20.58;159.75;1.300;0;1.00;bull;tp 25672.07
2025.12.29 13:55:00;2025.12.29 16:35:30;68;US100.cash;short;0.93;25474.83;25513.79;25513.69;25354.32;92.70;close;-31.47;0.00;0.00;-31.47;-0.420;0;1.00;bull;sl 25513.69
2025.12.29 16:00:00;2025.12.29 20:34:58;70;US100.cash;short;1.20;25468.43;25502.70;25502.69;25328.55;107.60;stop;-36.66;0.00;0.00;-36.66;-0.318;0;1.00;bull;sl 25502.69
2025.12.29 16:25:00;2025.12.29 20:34:58;71;US100.cash;short;0.80;25486.08;25502.70;25502.69;25346.19;107.60;stop;-11.44;0.00;0.00;-11.44;-0.154;0;1.00;bull;sl 25502.69
2025.12.29 16:50:00;2025.12.29 20:34:58;72;US100.cash;short;0.80;25483.78;25502.70;25502.69;25343.89;107.60;stop;-11.68;0.00;0.00;-11.68;-0.176;0;1.00;bull;sl 25502.69
2025.12.29 20:50:00;2025.12.30 11:04:57;76;US100.cash;short;0.94;25516.57;25534.20;25534.14;25369.13;113.42;close;-12.88;0.00;-0.52;-13.40;-0.155;0;1.00;bull;sl 25534.14
2025.12.31 13:15:00;2025.12.31 16:36:38;78;US100.cash;long;1.70;25428.76;25432.43;25432.67;25592.99;126.33;close;9.66;0.00;0.00;9.66;0.029;0;1.00;bull;sl 25432.67
2025.12.31 14:30:00;2025.12.31 17:55:27;79;US100.cash;long;1.33;25460.07;25350.89;25350.90;25628.14;129.29;stop;-141.46;0.00;0.00;-141.46;-0.844;0;1.00;bull;sl 25350.90
2025.12.31 18:45:00;2025.12.31 21:33:37;82;US100.cash;long;1.57;25414.81;25345.74;25345.81;25589.55;134.41;close;-104.81;0.00;0.00;-104.81;-0.514;0;1.00;bull;sl 25345.81
2026.01.05 14:00:00;2026.01.05 20:08:40;84;US100.cash;long;1.19;25436.86;25406.70;25406.88;25711.12;210.97;close;-33.74;0.00;0.00;-33.74;-0.143;0;1.00;bull;sl 25406.88
2026.01.05 14:25:00;2026.01.05 20:08:41;85;US100.cash;long;0.78;25463.87;25405.02;25405.15;25742.36;214.22;close;-43.86;0.00;0.00;-43.86;-0.275;0;1.00;bull;sl 25405.15
2026.01.05 14:50:00;2026.01.05 20:16:20;86;US100.cash;long;0.75;25428.01;25401.64;25401.64;25715.06;220.80;stop;-18.05;0.00;0.00;-18.05;-0.119;0;1.00;bull;sl 25401.64
2026.01.08 14:30:00;2026.01.08 17:16:27;90;US100.cash;short;0.80;25525.97;25507.60;25507.55;25323.77;155.54;close;17.60;0.00;0.00;17.60;0.118;0;1.00;bull;sl 25507.55
2026.01.08 15:05:00;2026.01.08 23:34:43;91;US100.cash;short;0.49;25496.57;25529.15;25529.05;25277.31;168.67;close;-13.94;0.00;0.00;-13.94;-0.193;0;1.00;bull;sl 25529.05
2026.01.08 15:30:00;2026.01.08 23:34:43;93;US100.cash;short;0.49;25484.58;25529.15;25529.05;25265.31;168.67;close;-20.02;0.00;0.00;-20.02;-0.264;0;1.00;bull;sl 25529.05
2026.01.08 16:00:00;2026.01.08 23:34:43;94;US100.cash;short;0.74;25493.98;25529.15;25529.05;25274.71;168.67;close;-23.27;0.00;0.00;-23.27;-0.209;0;1.00;bull;sl 25529.05
2026.01.09 13:00:00;2026.01.09 16:22:27;98;US100.cash;long;1.25;25565.08;25546.80;25546.83;25779.87;165.22;close;-20.56;0.00;0.00;-20.56;-0.111;0;1.00;bull;sl 25546.83
2026.01.09 13:25:00;2026.01.09 16:22:27;99;US100.cash;long;0.83;25568.45;25546.80;25546.83;25783.24;165.22;close;-19.09;0.00;0.00;-19.09;-0.131;0;1.00;bull;sl 25546.83
2026.01.09 14:15:00;2026.01.09 17:07:39;100;US100.cash;long;0.96;25562.28;25486.94;25487.04;25786.20;172.25;close;-70.19;0.00;0.00;-70.19;-0.437;0;1.00;bull;sl 25487.04
2026.01.12 14:10:00;2026.01.12 16:31:39;104;US100.cash;short;0.67;25568.11;25653.77;25653.43;25330.27;182.96;close;-54.95;0.00;0.00;-54.95;-0.468;0;1.00;bull;sl 25653.43
2026.01.13 15:45:00;2026.01.13 18:49:42;106;US100.cash;short;0.59;25644.08;25831.10;25830.98;25375.35;206.72;close;-108.66;0.00;0.00;-108.66;-0.905;0;1.00;bull;sl 25830.98
2026.01.13 19:05:00;2026.01.13 23:00:40;108;US100.cash;short;0.48;25656.98;25759.56;25759.52;25389.13;206.04;close;-47.44;0.00;0.00;-47.44;-0.498;0;1.00;bull;sl 25759.52
2026.01.13 20:25:00;2026.01.13 23:00:40;109;US100.cash;short;0.48;25658.88;25759.70;25759.61;25390.80;206.21;close;-46.79;0.00;0.00;-46.79;-0.489;0;1.00;bull;sl 25759.61
2026.01.15 15:45:00;2026.01.15 21:23:37;112;US100.cash;long;1.08;25666.78;25657.63;25657.63;25952.69;219.93;stop;-7.51;0.00;0.00;-7.51;-0.042;0;1.00;bull;sl 25657.63
2026.01.15 19:00:00;2026.01.15 22:00:24;113;US100.cash;long;0.94;25684.53;25578.17;25578.18;25958.63;210.84;stop;-97.91;0.00;0.00;-97.91;-0.504;0;1.00;bull;sl 25578.18
2026.01.16 13:45:00;2026.01.16 16:56:32;116;US100.cash;long;0.96;25674.60;25602.71;25602.78;25940.95;204.89;close;-66.47;0.00;0.00;-66.47;-0.351;0;1.00;bull;sl 25602.78
2026.01.16 14:40:00;2026.01.16 17:14:42;117;US100.cash;long;0.75;25668.78;25553.98;25553.99;25938.95;207.82;stop;-83.85;0.00;0.00;-83.85;-0.552;0;1.00;bull;sl 25553.99
2026.01.21 15:20:00;2026.01.21 18:38:28;120;US100.cash;long;0.95;25217.81;25210.93;25211.04;25533.56;242.88;close;-4.99;0.00;0.00;-4.99;-0.028;0;1.00;bull;sl 25211.04
2026.01.21 16:05:00;2026.01.21 18:41:42;121;US100.cash;long;0.92;25313.88;25179.39;25179.44;25645.12;254.80;close;-121.75;0.00;0.00;-121.75;-0.528;0;1.00;bull;sl 25179.44
2026.01.21 16:30:00;2026.01.21 19:08:38;122;US100.cash;long;0.60;25277.62;25054.45;25054.58;25609.73;255.47;close;-132.20;0.00;0.00;-132.20;-0.874;0;1.00;bull;sl 25054.58
2026.01.22 16:35:00;2026.01.23 11:36:25;126;US100.cash;long;0.78;25535.26;25440.25;25440.25;25908.02;286.74;stop;-72.64;0.00;-4.33;-76.97;-0.331;0;1.00;bull;sl 25440.25
2026.01.22 17:00:00;2026.01.23 11:36:25;127;US100.cash;long;0.52;25540.51;25440.25;25440.25;25913.27;286.74;stop;-51.00;0.00;-2.89;-53.89;-0.350;0;1.00;bull;sl 25440.25
2026.01.22 17:25:00;2026.01.23 11:36:25;128;US100.cash;long;0.52;25541.26;25440.25;25440.25;25914.02;286.74;stop;-51.39;0.00;-2.89;-54.28;-0.352;0;1.00;bull;sl 25440.25
2026.01.29 14:40:00;2026.01.29 17:35:40;132;US100.cash;short;0.54;25819.86;25556.58;25680.52;25556.63;202.48;close;144.75;0.00;0.00;144.75;1.300;0;1.00;bull;tp 25556.63
2026.01.29 15:10:00;2026.01.29 18:14:39;133;US100.cash;short;0.32;25588.89;25539.23;25539.05;25293.67;227.09;close;17.41;0.00;0.00;17.41;0.219;0;1.00;bull;sl 25539.05
2026.01.29 15:35:00;2026.01.29 18:14:41;135;US100.cash;short;0.32;25527.70;25542.62;25542.62;25223.77;233.79;stop;-3.71;0.00;0.00;-3.71;-0.064;0;1.00;bull;sl 25542.62
2026.01.29 17:10:00;2026.01.29 20:40:38;138;US100.cash;short;0.45;25671.93;25766.47;25766.38;25351.29;246.65;close;-40.23;0.00;0.00;-40.23;-0.383;0;1.00;bull;sl 25766.38
2026.01.29 17:35:00;2026.01.29 20:40:38;139;US100.cash;short;0.30;25727.62;25766.47;25766.38;25406.98;246.65;close;-10.44;0.00;0.00;-10.44;-0.158;0;1.00;bull;sl 25766.38
2026.01.29 18:00:00;2026.01.29 22:50:38;140;US100.cash;short;0.25;25679.68;25835.23;25835.20;25360.44;245.57;close;-37.85;0.00;0.00;-37.85;-0.633;0;1.00;bull;sl 25835.20
2026.01.29 20:25:00;2026.01.29 22:57:45;143;US100.cash;short;0.36;25728.47;25889.17;25889.14;25398.17;254.08;close;-56.64;0.00;0.00;-56.64;-0.632;0;1.00;bull;sl 25889.14
2026.02.02 15:10:00;2026.02.03 16:38:40;146;US100.cash;long;0.58;25766.94;25706.70;25706.83;26264.00;382.35;close;-33.37;0.00;-3.22;-36.59;-0.158;0;1.00;bull;sl 25706.83
2026.02.02 15:35:00;2026.02.03 16:38:41;147;US100.cash;long;0.38;25795.65;25704.79;25704.89;26297.44;386.00;close;-33.80;0.00;-2.11;-35.91;-0.235;0;1.00;bull;sl 25704.89
2026.02.02 16:10:00;2026.02.03 16:38:41;148;US100.cash;long;0.57;25747.14;25704.79;25704.89;26248.94;386.00;close;-22.20;0.00;-3.16;-25.36;-0.110;0;1.00;bull;sl 25704.89
2026.02.06 18:00:00;2026.02.09 11:55:29;152;US100.cash;long;0.42;25028.13;25015.48;25015.52;25588.59;431.12;close;-4.22;0.00;-6.99;-11.21;-0.029;0;1.00;bull;sl 25015.52
2026.02.06 20:15:00;2026.02.09 11:55:37;153;US100.cash;long;0.42;25028.78;25013.51;25013.63;25593.85;434.66;close;-5.53;0.00;-6.99;-12.52;-0.035;0;1.00;bull;sl 25013.63
2026.02.06 20:40:00;2026.02.09 11:55:40;154;US100.cash;long;0.27;25061.79;25011.68;25011.83;25631.24;438.04;close;-13.10;0.00;-4.49;-17.59;-0.114;0;1.00;bull;sl 25011.83
2026.02.10 13:05:00;2026.02.10 17:06:38;158;US100.cash;short;0.31;25214.47;25344.48;25344.26;24840.48;287.68;close;-39.19;0.00;0.00;-39.19;-0.452;0;1.00;bull;sl 25344.26
2026.02.10 14:35:00;2026.02.10 20:29:41;159;US100.cash;long;0.54;25242.82;25204.52;25204.56;25592.03;268.62;close;-19.85;0.00;0.00;-19.85;-0.143;0;1.00;bull;sl 25204.56
2026.02.10 18:15:00;2026.02.11 15:30:30;162;US100.cash;short;0.22;25235.19;25213.86;25213.54;24887.15;267.73;close;5.61;0.00;-0.12;5.49;0.080;0;1.00;bull;sl 25213.54
2026.02.10 19:25:00;2026.02.11 15:30:30;164;US100.cash;short;0.22;25208.95;25216.33;25215.91;24855.11;272.18;close;-0.81;0.00;-0.12;-0.93;-0.027;0;1.00;bull;sl 25215.91
2026.02.10 16:40:00;2026.02.11 15:30:30;161;US100.cash;short;0.39;25237.69;25218.79;25218.63;24877.23;277.28;close;9.28;0.00;-0.22;9.06;0.068;0;1.00;bull;sl 25218.63
2026.02.11 14:55:00;2026.02.11 17:13:38;168;US100.cash;long;0.88;25222.41;25068.93;25068.97;25541.38;245.36;close;-133.10;0.00;0.00;-133.10;-0.626;0;1.00;bull;sl 25068.97
2026.02.11 16:10:00;2026.02.12 16:46:03;170;US100.cash;long;0.79;25178.01;25186.12;25186.13;25529.29;270.22;stop;8.80;0.00;-4.38;4.42;0.030;0;1.00;bull;sl 25186.13
2026.02.11 17:20:00;2026.02.12 16:46:03;171;US100.cash;long;0.52;25172.86;25186.12;25186.13;25524.14;270.22;stop;8.00;0.00;-2.89;5.11;0.049;0;1.00;bull;sl 25186.13
2026.02.11 17:45:00;2026.02.12 16:46:03;172;US100.cash;long;0.53;25222.31;25186.12;25186.13;25573.60;270.22;stop;-18.05;0.00;-2.94;-20.99;-0.134;0;1.00;bull;sl 25186.13
2026.02.18 15:00:00;2026.02.18 21:30:41;176;US100.cash;long;0.85;24953.47;24909.33;24909.43;25279.86;251.06;close;-36.08;0.00;0.00;-36.08;-0.176;0;1.00;bull;sl 24909.43
2026.02.18 15:25:00;2026.02.18 21:30:43;177;US100.cash;long;0.55;24994.68;24906.10;24906.24;25328.85;257.05;close;-47.84;0.00;0.00;-47.84;-0.345;0;1.00;bull;sl 24906.24
2026.02.18 15:50:00;2026.02.18 21:31:21;178;US100.cash;long;0.55;25021.58;24905.43;24905.49;25357.57;258.45;close;-62.34;0.00;0.00;-62.34;-0.449;0;1.00;bull;sl 24905.49
2026.02.19 12:55:00;2026.02.19 18:20:39;182;US100.cash;short;0.33;24797.03;24888.31;24888.21;24453.64;264.15;close;-28.83;0.00;0.00;-28.83;-0.346;0;1.00;bull;sl 24888.21
2026.02.19 13:30:00;2026.02.19 18:20:40;183;US100.cash;short;0.21;24770.63;24889.14;24889.04;24425.21;265.71;close;-24.17;0.00;0.00;-24.17;-0.446;0;1.00;bull;sl 24889.04
2026.02.19 13:55:00;2026.02.19 18:20:40;184;US100.cash;short;0.26;24782.43;24889.14;24889.04;24437.00;265.71;close;-26.86;0.00;0.00;-26.86;-0.402;0;1.00;bull;sl 24889.04
2026.02.20 17:20:00;2026.02.20 20:41:15;188;US100.cash;short;0.38;24821.31;25007.68;25007.67;24473.61;267.46;stop;-69.45;0.00;0.00;-69.45;-0.697;0;1.00;bull;sl 25007.67
2026.02.23 14:40:00;2026.02.23 20:23:13;192;US100.cash;short;0.28;24819.31;24755.16;24755.16;24499.67;245.87;stop;19.09;0.00;0.00;19.09;0.261;0;1.00;bull;sl 24755.16
2026.02.23 12:55:00;2026.02.23 20:23:24;190;US100.cash;short;0.34;24842.92;24757.76;24757.70;24517.11;250.63;close;30.12;0.00;0.00;30.12;0.340;0;1.00;bull;sl 24757.70
2026.02.23 13:30:00;2026.02.23 20:23:24;191;US100.cash;short;0.22;24854.32;24757.76;24757.70;24528.50;250.63;close;22.13;0.00;0.00;22.13;0.385;0;1.00;bull;sl 24757.70
2026.02.24 14:10:00;2026.02.24 16:42:15;197;US100.cash;short;0.27;24795.63;24819.54;24819.52;24469.03;251.23;close;-5.42;0.00;0.00;-5.42;-0.095;0;1.00;bull;sl 24819.52
2026.02.24 13:00:00;2026.02.24 16:43:41;196;US100.cash;short;0.33;24776.53;24822.73;24822.58;24442.49;256.96;close;-14.58;0.00;0.00;-14.58;-0.180;0;1.00;bull;sl 24822.58
2026.02.26 15:10:00;2026.02.26 18:15:40;200;US100.cash;short;0.46;25015.18;25015.23;25015.18;24724.03;223.96;close;1.93;0.00;0.00;1.93;-0.000;0;1.00;bull;sl 25015.18
2026.02.26 15:40:00;2026.02.26 21:06:31;201;US100.cash;short;0.28;24938.99;24989.84;24989.80;24619.75;245.57;close;-13.33;0.00;0.00;-13.33;-0.207;0;1.00;bull;sl 24989.80
2026.02.26 16:05:00;2026.02.26 21:06:31;202;US100.cash;short;0.42;24973.08;24989.84;24989.80;24653.84;245.57;close;-5.25;0.00;0.00;-5.25;-0.068;0;1.00;bull;sl 24989.80
2026.02.26 16:30:00;2026.02.26 21:06:31;204;US100.cash;short;0.28;25014.48;24989.84;24989.80;24695.24;245.57;close;7.92;0.00;0.00;7.92;0.100;0;1.00;bull;sl 24989.80
2026.02.26 20:05:00;2026.02.27 11:15:39;208;US100.cash;short;0.33;24999.48;25050.66;25050.59;24665.68;256.77;close;-15.55;0.00;-0.18;-15.73;-0.199;0;1.00;bull;sl 25050.59
2026.02.26 20:30:00;2026.02.27 11:15:39;209;US100.cash;short;0.22;25019.48;25050.66;25050.59;24685.68;256.77;close;-5.97;0.00;-0.12;-6.09;-0.121;0;1.00;bull;sl 25050.59
2026.02.27 15:20:00;2026.02.27 22:59:41;212;US100.cash;short;0.40;24936.99;24977.71;24977.52;24609.16;252.17;close;-14.99;0.00;0.00;-14.99;-0.161;0;1.00;bull;sl 24977.52
2026.02.27 20:15:00;2026.03.02 03:10:15;213;US100.cash;short;0.33;24934.74;24826.04;24826.04;24599.60;257.80;stop;37.20;0.00;-0.55;36.65;0.422;0;1.00;bull;sl 24826.04
2026.03.02 18:20:00;2026.03.03 10:28:40;216;US100.cash;short;0.26;24981.98;24565.40;24761.45;24565.41;320.44;tp;109.36;0.00;-0.14;109.22;1.300;0;1.00;bull;tp 24565.41
2026.03.02 18:45:00;2026.03.03 10:39:13;217;US100.cash;short;0.17;24956.34;24534.54;24733.78;24534.56;324.44;close;72.41;0.00;-0.09;72.32;1.300;0;1.00;bull;tp 24534.56
2026.03.02 20:05:00;2026.03.03 10:39:16;218;US100.cash;short;0.26;24957.99;24530.91;24735.93;24530.98;328.47;close;111.75;0.00;-0.14;111.61;1.300;0;1.00;bull;tp 24530.98
2026.03.03 19:40:00;2026.03.04 03:24:14;222;US100.cash;long;0.51;24785.45;24603.10;24603.16;25236.55;347.00;close;-92.35;0.00;-2.83;-95.18;-0.525;0;1.00;bull;sl 24603.16
2026.03.04 13:00:00;2026.03.05 03:57:15;224;US100.cash;long;0.51;24807.17;25009.67;25009.71;25255.04;344.52;close;104.46;0.00;-2.83;101.63;0.588;0;1.00;bull;sl 25009.71
2026.03.04 13:25:00;2026.03.05 05:28:42;225;US100.cash;long;0.33;24850.18;25007.88;25007.93;25302.37;347.84;close;52.81;0.00;-1.83;50.98;0.453;0;1.00;bull;sl 25007.93
2026.03.04 13:50:00;2026.03.05 05:28:42;226;US100.cash;long;0.34;24859.18;25007.88;25007.93;25311.37;347.84;close;50.91;0.00;-1.89;49.02;0.427;0;1.00;bull;sl 25007.93
2026.03.05 18:20:00;2026.03.05 22:23:30;232;US100.cash;short;0.18;24796.91;24924.93;24924.92;24366.24;331.29;stop;-22.30;0.00;0.00;-22.30;-0.386;0;1.00;bull;sl 24924.92
2026.03.05 17:30:00;2026.03.05 22:23:39;230;US100.cash;short;0.32;24831.50;24929.09;24929.02;24390.83;338.98;close;-30.20;0.00;0.00;-30.20;-0.288;0;1.00;bull;sl 24929.02
2026.03.05 17:55:00;2026.03.05 22:24:41;231;US100.cash;short;0.17;24769.41;24933.41;24933.35;24318.18;347.10;close;-27.26;0.00;0.00;-27.26;-0.472;0;1.00;bull;sl 24933.35
2026.03.06 12:55:00;2026.03.06 17:13:40;236;US100.cash;short;0.28;24800.13;24760.04;24759.93;24388.48;316.65;close;11.20;0.00;0.00;11.20;0.127;0;1.00;bull;sl 24759.93
2026.03.06 13:20:00;2026.03.06 17:13:40;237;US100.cash;short;0.18;24815.23;24760.04;24759.93;24403.58;316.65;close;10.62;0.00;0.00;10.62;0.174;0;1.00;bull;sl 24759.93
2026.03.09 17:40:00;2026.03.10 15:05:42;246;US100.cash;long;0.54;24717.29;24890.99;24891.08;25255.67;414.14;close;94.91;0.00;-3.00;91.91;0.419;0;1.00;bull;sl 24891.08
2026.03.09 20:15:00;2026.03.10 15:06:14;247;US100.cash;long;0.45;24767.34;24885.99;24886.06;25312.10;419.05;close;55.22;0.00;-2.50;52.72;0.283;0;1.00;bull;sl 24886.06
2026.03.13 14:40:00;2026.03.13 17:17:41;250;US100.cash;long;0.82;24755.64;24622.40;24622.56;25117.28;278.18;close;-106.09;0.00;0.00;-106.09;-0.479;0;1.00;bull;sl 24622.56
2026.03.16 13:05:00;2026.03.16 22:50:41;252;US100.cash;long;0.68;24637.25;24622.40;24622.41;24996.34;276.23;stop;-8.53;0.00;0.00;-8.53;-0.054;0;1.00;bull;sl 24622.41
2026.03.17 13:30:00;2026.03.17 18:36:19;259;US100.cash;long;0.50;24706.96;24747.97;24748.14;25030.87;249.16;close;21.66;0.00;0.00;21.66;0.165;0;1.00;bull;sl 24748.14
2026.03.17 13:55:00;2026.03.17 18:36:19;260;US100.cash;long;0.60;24707.16;24747.97;24748.14;25031.07;249.16;close;25.63;0.00;0.00;25.63;0.164;0;1.00;bull;sl 24748.14
2026.03.17 13:05:00;2026.03.17 18:36:28;258;US100.cash;long;0.77;24652.95;24741.66;24741.70;24968.68;242.87;close;69.92;0.00;0.00;69.92;0.365;0;1.00;bull;sl 24741.70
2026.03.18 13:00:00;2026.03.18 16:37:41;264;US100.cash;short;0.53;24844.12;24747.81;24747.81;24610.95;179.36;stop;52.81;0.00;0.00;52.81;0.537;0;1.00;bull;sl 24747.81
2026.03.18 13:25:00;2026.03.18 16:40:39;265;US100.cash;short;0.34;24789.47;24752.16;24752.00;24546.09;187.22;close;15.04;0.00;0.00;15.04;0.199;0;1.00;bull;sl 24752.00
2026.03.18 14:45:00;2026.03.18 18:08:13;268;US100.cash;short;0.37;24734.62;24703.76;24703.74;24466.48;206.26;close;13.27;0.00;0.00;13.27;0.150;0;1.00;bull;sl 24703.74
2026.03.23 14:00:00;2026.03.23 18:52:29;272;US100.cash;long;0.39;24373.01;24257.31;24257.43;24877.07;387.74;close;-44.83;0.00;0.00;-44.83;-0.298;0;1.00;bull;sl 24257.43
2026.03.23 13:05:00;2026.03.23 18:52:30;270;US100.cash;long;0.48;24268.49;24252.64;24252.81;24783.84;396.42;close;-6.63;0.00;0.00;-6.63;-0.040;0;1.00;bull;sl 24252.81
2026.03.23 13:30:00;2026.03.23 18:52:30;271;US100.cash;long;0.32;24272.89;24252.64;24252.81;24788.24;396.42;close;-5.80;0.00;0.00;-5.80;-0.051;0;1.00;bull;sl 24252.81
2026.03.23 18:55:00;2026.03.24 03:39:30;276;US100.cash;long;0.46;24256.02;24085.08;24085.32;24795.45;414.95;close;-77.72;0.00;-2.55;-80.27;-0.412;0;1.00;bull;sl 24085.32
2026.03.23 19:20:00;2026.03.24 03:39:30;277;US100.cash;long;0.30;24241.27;24084.11;24084.47;24782.79;416.56;close;-46.55;0.00;-1.66;-48.21;-0.377;0;1.00;bull;sl 24084.47
2026.03.23 19:45:00;2026.03.24 03:39:38;278;US100.cash;long;0.30;24310.28;24073.90;24073.92;24858.61;421.79;close;-70.31;0.00;-1.66;-71.97;-0.560;0;1.00;bull;sl 24073.92
2026.03.25 13:00:00;2026.03.25 18:17:27;282;US100.cash;long;0.45;24296.99;24094.94;24094.99;24830.96;410.75;close;-89.78;0.00;0.00;-89.78;-0.492;0;1.00;bull;sl 24094.99
2026.03.25 15:45:00;2026.03.26 05:34:40;283;US100.cash;long;0.36;24298.17;24064.02;24064.13;24831.25;410.06;close;-83.29;0.00;-2.00;-85.29;-0.571;0;1.00;bull;sl 24064.13
2026.03.31 17:05:00;2026.04.01 15:44:42;287;US100.cash;long;0.41;23595.07;24054.85;23819.86;24054.50;353.41;close;189.08;0.00;-2.27;186.81;1.301;0;1.00;bull;tp 24054.50
2026.03.31 17:40:00;2026.04.01 17:53:30;288;US100.cash;long;0.41;23606.37;24067.77;23863.68;24067.66;354.84;close;190.07;0.00;-2.27;187.80;1.300;0;1.00;bull;tp 24067.66
2026.03.31 16:40:00;2026.04.01 17:57:40;286;US100.cash;long;0.60;23602.87;24078.29;23870.30;24078.25;365.68;close;288.01;0.00;-3.33;284.68;1.300;0;1.00;bull;tp 24078.25
2026.04.01 12:55:00;2026.04.01 21:23:42;290;US100.cash;long;0.56;23883.83;23979.47;23979.51;24323.59;338.28;close;54.78;0.00;0.00;54.78;0.283;0;1.00;bull;sl 23979.51
2026.04.01 18:20:00;2026.04.02 04:17:56;294;US100.cash;long;0.55;23971.03;23868.42;23868.66;24435.12;356.99;close;-55.20;0.00;-3.05;-58.25;-0.287;0;1.00;bull;sl 23868.66
2026.04.21 19:40:00;2026.04.21 23:09:31;298;US100.cash;short;0.45;26413.17;26557.91;26557.44;26133.57;215.08;close;-62.81;0.00;0.00;-62.81;-0.673;0;1.00;bull;sl 26557.44
2026.04.28 12:55:00;2026.04.28 16:48:39;302;US100.cash;short;0.43;27009.50;27109.11;27109.04;26718.74;223.66;close;-41.00;0.00;0.00;-41.00;-0.445;0;1.00;bull;sl 27109.04
2026.04.28 13:20:00;2026.04.28 20:55:38;303;US100.cash;short;0.29;27013.70;27003.85;27003.74;26732.63;216.20;close;3.39;0.00;0.00;3.39;0.046;0;1.00;bull;sl 27003.74
2026.04.29 13:45:00;2026.04.29 17:35:39;306;US100.cash;short;0.46;27042.97;27165.31;27165.24;26776.17;205.23;close;-54.32;0.00;0.00;-54.32;-0.596;0;1.00;bull;sl 27165.24
2026.04.29 14:25:00;2026.04.29 19:30:14;307;US100.cash;long;0.73;27139.40;27060.92;27061.00;27409.92;208.09;close;-55.67;0.00;0.00;-55.67;-0.377;0;1.00;bull;sl 27061.00
2026.04.29 15:35:00;2026.04.29 19:31:31;309;US100.cash;long;0.72;27153.65;27038.51;27038.65;27429.54;212.22;close;-80.65;0.00;0.00;-80.65;-0.543;0;1.00;bull;sl 27038.65
2026.04.29 17:55:00;2026.04.29 23:12:22;313;US100.cash;long;0.59;27120.40;27105.38;27105.62;27392.51;209.32;close;-7.85;0.00;0.00;-7.85;-0.072;0;1.00;bull;sl 27105.62
2026.04.29 16:00:00;2026.04.29 23:12:22;310;US100.cash;long;1.07;27123.10;27103.95;27104.08;27398.99;212.22;close;-18.44;0.00;0.00;-18.44;-0.090;0;1.00;bull;sl 27104.08
2026.04.29 18:50:00;2026.04.29 23:12:22;314;US100.cash;long;0.59;27125.80;27103.95;27104.15;27401.51;212.09;close;-11.52;0.00;0.00;-11.52;-0.103;0;1.00;bull;sl 27104.15
2026.05.12 13:20:00;2026.05.12 16:56:42;319;US100.cash;long;0.54;29101.21;29056.84;29056.96;29398.52;228.69;close;-22.69;0.00;0.00;-22.69;-0.194;0;1.00;bull;sl 29056.96
2026.05.12 12:55:00;2026.05.12 16:57:18;318;US100.cash;long;0.80;29122.02;29054.48;29054.50;29425.31;233.30;close;-51.42;0.00;0.00;-51.42;-0.289;0;1.00;bull;sl 29054.50
2026.05.12 13:45:00;2026.05.12 17:03:40;320;US100.cash;long;0.52;29118.60;28990.25;28990.30;29430.43;239.87;close;-64.91;0.00;0.00;-64.91;-0.535;0;1.00;bull;sl 28990.30
2026.05.12 16:00:00;2026.05.12 20:20:40;324;US100.cash;short;0.40;28777.81;28790.52;28790.49;28419.59;275.55;close;-3.32;0.00;0.00;-3.32;-0.046;0;1.00;bull;sl 28790.49
2026.05.12 16:25:00;2026.05.12 20:20:40;325;US100.cash;short;0.26;28729.42;28790.52;28790.49;28371.20;275.55;close;-14.71;0.00;0.00;-14.71;-0.222;0;1.00;bull;sl 28790.49
2026.05.12 16:50:00;2026.05.12 20:21:42;326;US100.cash;short;0.26;28643.58;28794.48;28794.43;28275.78;282.93;close;-38.35;0.00;0.00;-38.35;-0.533;0;1.00;bull;sl 28794.43
