direction,entry_price,entry,entry_ts,entry_bar,stop,target,qty,atr,score,zone,exit_price,exit_ts,exit_reason,pnl,fee,win,month
long,19245.75,19245.75,2025-04-01 09:50:00,378,19237.62963539487,19305.24164072307,2.353271792447194,16.52545575640793,9,19281.985,19237.62963539487,2025-04-01 09:55:00,stop,-37.2256172094329,18.116192239796234,False,2025-04
long,19244.25,19244.25,2025-04-01 11:15:00,395,19252.229652007576,19312.74156596591,2.034586683019438,19.025434990530762,9,19281.985,19252.229652007576,2025-04-01 11:25:00,stop,0.5736557998648841,15.661637909878728,True,2025-04
long,19244.75,19244.75,2025-04-01 13:05:00,417,19223.774803555134,19331.0383840019,1.6137795294225696,23.968995556083016,7,19281.985,19223.774803555134,2025-04-01 13:25:00,stop,-46.27205608788383,12.422713439542,False,2025-04
short,19305.65,19305.65,2025-04-02 13:00:00,689,19302.747731109856,19227.81021000566,1.7794968352301717,21.622163887316972,7,19281.985,19302.747731109856,2025-04-02 13:45:00,stop,-8.577158925822875,13.741737230824546,False,2025-04
short,19294.95,19294.95,2025-04-02 14:05:00,702,19288.085690129417,19215.589394417617,1.74267051705859,22.044612661773005,7,19281.985,19288.085690129417,2025-04-02 14:35:00,stop,-1.4876657658279289,13.449896197247858,False,2025-04
short,18814.45,18814.45,2025-04-03 13:10:00,964,18839.22977380039,18696.64101789824,1.1729531017496841,32.72471725048869,8,18795.55,18839.22977380039,2025-04-03 13:25:00,stop,-37.89289953390887,8.827386994085739,False,2025-04
short,18819.45,18819.45,2025-04-03 14:15:00,977,18813.739240259216,18685.848418833535,1.0298689391734015,37.11155032401855,8,18795.55,18813.739240259216,2025-04-03 14:30:00,stop,-1.8712927268144846,7.752626802930749,False,2025-04
short,18814.85,18814.85,2025-04-03 15:20:00,990,18806.69252325715,18696.30864534282,1.1600310505956772,32.928154071438655,8,18795.55,18806.69252325715,2025-04-03 15:30:00,stop,0.7326022312981983,8.730324084920031,True,2025-04
short,17998.65,17998.65,2025-04-04 13:40:00,1243,17967.94380379625,17671.52788291688,0.42021248080183116,90.86725474531184,9,17987.05,17967.94380379625,2025-04-04 13:50:00,stop,9.87782393573262,3.025302947033552,True,2025-04
short,17783.15,17783.15,2025-04-04 14:30:00,1253,17842.797687926683,17456.68540432993,0.4214175459876047,90.68460990835315,9,17776.95,17842.797687926683,2025-04-04 14:40:00,stop,-28.13423484306822,2.9976525731717896,False,2025-04
short,17995.86,17995.86,2025-04-04 15:25:00,1264,17999.247267426035,17683.122296582846,0.43858813441608885,86.87158428254293,7,17987.05,17999.247267426035,2025-04-04 15:35:00,stop,-4.64272356699818,3.157108265845247,False,2025-04
short,16624.45,16624.45,2025-04-07 07:15:00,1439,16619.024366288817,16441.415351700318,0.7489071019551888,50.84295786102313,9,16605.05,16619.024366288817,2025-04-07 07:25:00,stop,-0.9167718495265671,4.980067468439576,False,2025-04
short,16635.95,16635.95,2025-04-07 08:25:00,1453,16655.63041922982,16405.18811346581,0.5938079931454713,64.10052403727512,9,16605.05,16655.63041922982,2025-04-07 08:30:00,stop,-15.637814280547518,3.9514240334273616,False,2025-04
short,16628.45,16628.45,2025-04-07 12:15:00,1499,16673.40611726562,16388.347472304715,0.5696802307002711,66.69514658202395,8,16605.05,16673.40611726562,2025-04-07 12:25:00,stop,-29.399770948140674,3.7891596928751694,False,2025-04
short,17611.29,17611.29,2025-04-08 07:30:00,1715,17603.099364932852,17523.94785780216,1.5610281477778176,24.261706166067352,5,17585.45,17603.099364932852,2025-04-08 07:55:00,stop,1.7891241245241805,10.996687763471202,True,2025-04
short,17589.29,17589.29,2025-04-08 08:40:00,1729,17615.667511171072,17463.841199730174,1.0864321786122648,34.84688896384104,6,17585.45,17615.667511171072,2025-04-08 08:55:00,stop,-36.301205189933285,7.64382826197717,False,2025-04
long,17741.65,17741.65,2025-04-08 10:55:00,1756,17704.552556041355,17868.088497813907,1.0734854657219852,35.12180494830769,6,17776.95,17704.552556041355,2025-04-08 11:05:00,stop,-47.441728270213126,7.618161365170585,False,2025-04
short,17601.55,17601.55,2025-04-08 11:25:00,1762,17673.22349250955,17457.21928370703,0.9354375967452048,40.091865636936674,5,17585.45,17673.22349250955,2025-04-08 11:35:00,stop,-73.63214023586659,6.586060652396224,False,2025-04
short,17612.55,17612.55,2025-04-08 12:50:00,1779,17611.848621210218,17496.906204554027,1.1581721741423983,32.12327651277063,4,17585.45,17611.848621210218,2025-04-08 12:55:00,stop,-7.347028732418304,8.159346130276678,False,2025-04
short,17803.65,17803.65,2025-04-08 15:45:00,1814,17863.589717303454,17626.171272134463,0.753754851533127,49.29964662931618,3,17776.95,17863.589717303454,2025-04-08 16:00:00,stop,-50.54768774200032,5.367835024999104,False,2025-04
short,16626.25,16626.25,2025-04-09 08:35:00,2001,16724.058009413162,16394.013957640775,0.5728232721656593,64.51001176645144,9,16605.05,16724.058009413162,2025-04-09 08:55:00,stop,-59.83626516759474,3.8095611715377173,False,2025-04
short,18647.05,18647.05,2025-04-10 11:30:00,2309,18706.61679255522,18392.499433501493,0.5192124962693496,70.70849069402976,5,18622.75,18706.61679255522,2025-04-10 11:40:00,stop,-34.800535608779334,3.87271255142375,False,2025-04
long,18763.35,18763.35,2025-04-10 13:05:00,2328,18769.10028709921,18938.17370805356,0.7530530042970393,48.56214112598971,7,18795.55,18769.10028709921,2025-04-10 13:10:00,stop,-1.3216478596399517,5.651918835270741,False,2025-04
long,18777.55,18777.55,2025-04-10 14:20:00,2343,18742.36373386755,18941.73819759602,0.8014793632973695,45.6078326655616,7,18795.55,18742.36373386755,2025-04-10 14:30:00,stop,-34.22099370396043,6.019927527313808,False,2025-04
long,18766.55,18766.55,2025-04-10 15:30:00,2357,18658.292972663632,18983.064054672737,0.605375105388758,60.1427929646492,6,18795.55,18658.292972663632,2025-04-10 15:40:00,stop,-70.0804302064403,4.544320873613359,False,2025-04
long,18476.55,18476.55,2025-04-11 08:30:00,2546,18501.969333901627,18615.96299744268,0.9329064347111906,38.72583262296642,8,18505.449999999997,18501.969333901627,2025-04-11 08:50:00,stop,16.819103208395294,6.894756954505219,True,2025-04
long,18609.05,18609.05,2025-04-11 09:00:00,2552,18593.589835915096,18785.27073838207,0.7391098671967468,48.95020510613119,8,18622.75,18593.589835915096,2025-04-11 09:20:00,stop,-16.928412813295786,5.5016529896630475,False,2025-04
long,18491.05,18491.05,2025-04-11 10:10:00,2566,18453.33730238796,18681.45713925418,0.6825950838905772,52.890872015050206,6,18505.449999999997,18453.33730238796,2025-04-11 10:25:00,stop,-30.791261920619014,5.048759930389943,False,2025-04
short,18228.55,18228.55,2025-04-11 11:30:00,2582,18273.961635791322,17972.897638939055,0.5065650779391756,71.01454473915088,6,18217.52,18273.961635791322,2025-04-11 12:00:00,stop,-26.697527564564066,3.693578740587264,False,2025-04
long,18501.45,18501.45,2025-04-11 12:55:00,2599,18479.853066520114,18717.886200659494,0.5965034378523264,60.12116684985891,7,18505.449999999997,18479.853066520114,2025-04-11 13:45:00,stop,-17.297116479921478,4.41447141210117,False,2025-04
long,18503.15,18503.15,2025-04-11 15:30:00,2630,18424.32860114461,18706.19629484925,0.6344950885911542,56.40174856923561,6,18505.449999999997,18424.32860114461,2025-04-11 15:45:00,stop,-54.70785356901601,4.696063119386166,False,2025-04
long,18775.55,18775.55,2025-04-15 07:00:00,3074,18771.743040075606,18814.73131965978,3.2677075595825222,10.883699905494023,7,18795.55,18771.743040075606,2025-04-15 07:05:00,stop,-36.98123439209651,24.54120266812785,False,2025-04
long,18769.05,18769.05,2025-04-15 08:00:00,3086,18763.952915288173,18820.78688120322,2.4613692550640764,14.371355889783667,5,18795.55,18763.952915288173,2025-04-15 08:15:00,stop,-31.02483264684988,18.47902504670416,False,2025-04
long,18766.85,18766.85,2025-04-15 09:10:00,3100,18758.60677367612,18823.294518457464,2.2460970768962203,15.67903290485157,7,18795.55,18758.60677367612,2025-04-15 09:20:00,stop,-35.375953321274096,16.860866771019932,False,2025-04
long,18782.55,18782.55,2025-04-15 15:40:00,3178,18765.321245506744,18886.17939521965,1.2174786722706699,28.785943116569758,6,18795.55,18765.321245506744,2025-04-15 15:50:00,stop,-30.122582759668553,9.146941614342987,False,2025-04
short,18536.15,18536.15,2025-04-16 07:00:00,3347,18542.08940112275,18490.972694947624,2.781946236159675,12.54925140343805,8,18505.449999999997,18542.08940112275,2025-04-16 07:30:00,stop,-37.14972368862969,20.626629090156467,False,2025-04
short,18518.15,18518.15,2025-04-16 11:25:00,3400,18595.8055075292,18355.450216118603,0.7683867072998516,45.19438441149974,5,18505.449999999997,18595.8055075292,2025-04-16 11:40:00,stop,-65.36109985557324,5.691640121513899,False,2025-04
short,18542.35,18542.35,2025-04-16 12:55:00,3418,18553.273746358012,18418.94314138893,1.0053043707010718,34.27968294751922,7,18505.449999999997,18553.273746358012,2025-04-16 14:00:00,stop,-18.437972157368883,7.456282199227608,False,2025-04
short,18541.15,18541.15,2025-04-16 14:20:00,3435,18577.114901984492,18453.107941069786,1.405591035174284,24.45612748061589,7,18505.449999999997,18577.114901984492,2025-04-16 14:40:00,stop,-60.97645349905105,10.424509688728671,False,2025-04
short,18532.85,18532.85,2025-04-16 15:35:00,3450,18534.539162247056,18450.998769888243,1.5005820519263189,22.736452808820996,7,18505.449999999997,18534.539162247056,2025-04-16 15:40:00,stop,-13.658751383143144,11.12402483241707,False,2025-04
long,18473.95,18473.95,2025-04-17 09:25:00,3649,18450.37900022683,18545.36949897928,1.7159935016648689,19.838749716465916,6,18505.449999999997,18450.37900022683,2025-04-17 09:40:00,stop,-53.12815369853982,12.680471260032682,False,2025-04
long,18496.45,18496.45,2025-04-17 10:30:00,3662,18473.536461663243,18596.860922515392,1.2122469910715175,27.891922920942573,6,18505.449999999997,18473.536461663243,2025-04-17 11:00:00,stop,-36.74577424673803,8.968906343201908,False,2025-04
short,18002.15,18002.15,2025-04-21 14:25:00,3982,18006.006159174918,17904.697283712867,1.2431219992801652,27.070198968648175,9,17987.05,18006.006159174918,2025-04-21 14:35:00,stop,-13.745223782801553,8.951547479736572,False,2025-04
short,18011.45,18011.45,2025-04-21 15:25:00,3994,18027.11008546942,17940.52961538761,1.7045948383042258,19.70010683677438,7,17987.05,18027.11008546942,2025-04-21 15:35:00,stop,-38.97499073872423,12.28088988014986,False,2025-04
short,17987.85,17987.85,2025-04-22 12:40:00,4234,17991.204040215507,17934.056819030215,2.2355789948334763,14.942550269384249,5,17987.05,17991.204040215507,2025-04-22 12:55:00,stop,-23.583525702503856,16.085303848886138,False,2025-04
long,18608.15,18608.15,2025-04-23 07:00:00,4439,18598.55006557938,18670.699704892788,1.9155348400110892,17.374918025774253,8,18622.75,18598.55006557938,2025-04-23 07:20:00,stop,-32.64683269778241,14.257823853260943,False,2025-04
long,18594.15,18594.15,2025-04-23 08:00:00,4451,18592.59304529198,18638.506296186104,2.6886662950720788,12.3211933850281,6,18622.75,18592.59304529198,2025-04-23 08:05:00,stop,-24.183517402621334,19.9973857562058,False,2025-04
long,18620.65,18620.65,2025-04-23 09:35:00,4470,18619.7929527726,18680.30671252329,1.991070619915748,16.571309034246056,6,18622.75,18619.7929527726,2025-04-23 10:05:00,stop,-16.536453209851004,14.830011655493673,False,2025-04
long,18758.55,18758.55,2025-04-23 13:20:00,4515,18770.661203238684,18824.199585425915,1.8042064758049294,18.235995951643535,9,18795.55,18770.661203238684,2025-04-23 13:40:00,stop,8.313392358340055,13.537718954684225,True,2025-04
long,18788.55,18788.55,2025-04-23 14:20:00,4527,18770.62098071263,18858.880586793173,1.684431141859621,19.53627410921477,8,18795.55,18770.62098071263,2025-04-23 14:35:00,stop,-42.859405922803234,12.659207492154632,False,2025-04
long,18787.25,18787.25,2025-04-23 15:20:00,4539,18808.244559865376,18859.274480605807,1.63525489519217,20.006800168279405,9,18795.55,18808.244559865376,2025-04-23 15:30:00,stop,22.042679780381164,12.288777011879638,True,2025-04
short,18652.25,18652.25,2025-04-24 08:00:00,4724,18666.74912800002,18609.5039239999,2.7605097731516013,11.873910000028035,4,18622.75,18666.74912800002,2025-04-24 08:10:00,stop,-60.62087191274162,20.595887366506783,False,2025-04
short,18624.35,18624.35,2025-04-24 09:15:00,4739,18649.59934969575,18546.277926369123,1.4987189618791348,21.686687119687395,6,18622.75,18649.59934969575,2025-04-24 09:25:00,stop,-49.00674576320779,11.165066599069466,False,2025-04
short,18630.35,18630.35,2025-04-24 10:15:00,4751,18616.66062995132,18541.652165219068,1.3105601452847278,24.63828743914743,4,18622.75,18616.66062995132,2025-04-24 10:20:00,stop,8.174265118772132,9.766477681082131,True,2025-04
long,18587.25,18587.25,2025-04-24 11:00:00,4760,18539.100989884882,18683.54802023024,1.2076044899655998,26.749450063954782,4,18622.75,18539.100989884882,2025-04-24 11:05:00,stop,-67.12337942486029,8.978418622445238,False,2025-04
short,18521.85,18521.85,2025-04-24 11:25:00,4765,18519.36542567253,18423.23058447362,1.1690126609165217,27.394282090661548,6,18505.449999999997,18519.36542567253,2025-04-24 11:55:00,stop,-5.756412015641279,8.660910861438671,False,2025-04
long,18588.25,18588.25,2025-04-24 13:00:00,4784,18588.892095914256,18651.510568385846,1.820188027966604,17.57238010717927,8,18622.75,18588.892095914256,2025-04-24 13:05:00,stop,-12.36490874840494,13.533644044340091,False,2025-04
long,19278.35,19278.35,2025-04-25 10:10:00,5023,19271.712549359247,19369.868527883384,1.255246206908735,25.421813300940286,7,19281.985,19271.712549359247,2025-04-25 10:30:00,stop,-18.011265025531408,9.679630285183604,False,2025-04
short,19290.75,19290.75,2025-04-30 15:30:00,5906,19262.956655467893,19159.320050394483,0.871630630681825,36.50831933486563,7,19281.985,19262.956655467893,2025-04-30 15:35:00,stop,17.49976698774739,6.725763435530166,True,2025-04
long,20052.15,20052.15,2025-05-08 09:30:00,7472,20043.879625638267,20097.466684627812,2.5323186636757953,12.587967952169786,7,20056.002187500002,20043.879625638267,2025-05-08 09:35:00,stop,-41.25459682853764,20.311373476730644,False,2025-05
long,20173.75,20173.75,2025-05-08 12:40:00,7510,20166.70824046511,20213.537917907008,2.866109821466585,11.05219941861313,9,20212.85,20166.70824046511,2025-05-08 12:55:00,stop,-43.31052936768384,23.12807320432461,False,2025-05
long,20173.15,20173.15,2025-05-08 13:55:00,7525,20154.212249809178,20211.025500381653,2.9905426258150665,10.520972328236365,9,20212.85,20154.212249809178,2025-05-08 14:05:00,stop,-80.76561517148065,24.131465988784484,False,2025-05
short,21142.65,21142.65,2025-05-19 07:00:00,9353,21146.382490845863,21092.553791193626,2.2350725166418344,13.91561355732642,7,21119.11953125,21146.382490845863,2025-05-19 07:30:00,stop,-27.244530085792867,18.902142377590994,False,2025-05
short,21141.55,21141.55,2025-05-19 08:00:00,9365,21149.416114111114,21107.95248649998,3.3173562404602412,9.332642638894184,7,21119.11953125,21149.416114111114,2025-05-19 08:10:00,stop,-54.14832386488115,28.053621130200884,False,2025-05
short,21160.45,21160.45,2025-05-19 09:25:00,9382,21159.50234346687,21105.76445439909,2.020652221295121,15.190429333586287,8,21119.11953125,21159.50234346687,2025-05-19 09:30:00,stop,-15.188279839744698,17.10316411844174,False,2025-05
short,21132.15,21132.15,2025-05-19 10:25:00,9394,21137.827671705752,21057.550477324115,1.4767937806154872,20.722089632190126,7,21119.11953125,21137.827671705752,2025-05-19 10:50:00,stop,-20.867881339843002,12.483131076413429,False,2025-05
short,21122.55,21122.55,2025-05-19 14:00:00,9437,21130.403175836615,21064.26070873523,1.8835119879848958,16.191469795769432,6,21119.11953125,21130.403175836615,2025-05-19 14:05:00,stop,-30.70538128874231,15.913830456724144,False,2025-05
short,21160.15,21160.15,2025-05-21 13:20:00,9975,21189.791531170864,21097.41310973111,1.7413567400116046,17.426913963580233,8,21119.11953125,21189.791531170864,2025-05-21 13:30:00,stop,-66.355428017508,14.738947928862624,False,2025-05
short,21123.75,21123.75,2025-05-22 08:25:00,10189,21126.740283639785,21087.343723620972,2.9724313731709744,10.112854549729501,6,21119.11953125,21126.740283639785,2025-05-22 08:35:00,stop,-34.003971793185116,25.11555888760815,False,2025-05
short,21120.45,21120.45,2025-05-22 10:35:00,10215,21115.836482137798,21052.11083037992,1.5739625484185809,18.983102672244843,6,21119.11953125,21115.836482137798,2025-05-22 10:40:00,stop,-6.035614590731888,13.297118922298889,False,2025-05
short,21124.65,21124.65,2025-05-22 11:35:00,10227,21129.851651903606,21059.392566433762,1.6455706157415149,18.127064879510797,6,21119.11953125,21129.851651903606,2025-05-22 12:25:00,stop,-22.464526849016607,13.904841323129597,False,2025-05
short,21121.65,21121.65,2025-05-22 12:50:00,10242,21129.921810592736,21074.5268523327,2.2700919434630578,13.089763240916769,7,21119.11953125,21129.921810592736,2025-05-22 13:00:00,stop,-37.95700558347701,19.1792349990586,False,2025-05
short,21125.95,21125.95,2025-05-22 13:50:00,10254,21126.921772602993,21085.127023286524,2.60412722700601,11.339715753743468,7,21119.11953125,21126.921772602993,2025-05-22 13:55:00,stop,-24.536484130457364,22.00586463654705,False,2025-05
long,21087.65,21087.65,2025-05-22 15:45:00,10277,21107.33128324225,21203.38422540987,0.9142556831567198,32.148395947186025,4,21119.11953125,21107.33128324225,2025-05-22 16:15:00,stop,10.281923513273917,7.711801542767922,True,2025-05
short,21119.35,21119.35,2025-05-22 15:55:00,10279,21121.817302809155,21008.347137358807,0.9527384086279486,30.834128511441875,5,21119.11953125,21121.817302809155,2025-05-22 16:15:00,stop,-10.399180516101731,8.048486364102667,False,2025-05
short,21120.95,21120.95,2025-05-23 07:00:00,10445,21106.17741448824,21084.82663480293,2.926048255102432,10.034268110298356,7,21119.11953125,21106.17741448824,2025-05-23 07:35:00,stop,18.50493050259615,24.720367557442284,True,2025-05
short,21119.35,21119.35,2025-05-23 08:25:00,10462,21113.72175081081,21091.577121351347,3.8089222761427544,7.714688513514496,6,21119.11953125,21113.72175081081,2025-05-23 08:30:00,stop,-10.73922135668526,32.17678506906219,False,2025-05
long,21098.25,21098.25,2025-05-23 10:00:00,10481,21096.727013970187,21152.353437134167,1.9482893351412747,15.028732537268578,5,21119.11953125,21096.727013970187,2025-05-23 10:05:00,stop,-19.409415625511933,16.44219818605776,False,2025-05
short,21152.75,21152.75,2025-05-23 10:25:00,10486,21158.29720465115,21092.23757906982,1.7355498382406578,16.80900581393884,4,21119.11953125,21158.29720465115,2025-05-23 11:00:00,stop,-24.312110871328393,14.68466073633803,False,2025-05
short,21137.15,21137.15,2025-05-23 11:40:00,10501,21122.639076755862,21079.14915459862,1.803062687377301,16.111345944828333,4,21119.11953125,21122.639076755862,2025-05-23 12:00:00,stop,10.919461667904379,15.244642592998847,True,2025-05
long,21109.75,21109.75,2025-05-23 12:00:00,10505,21116.71552333384,21166.155144997705,1.8548896585413672,15.668095832696062,3,21119.11953125,21116.71552333384,2025-05-23 12:15:00,stop,-2.7422255894858907,15.66250278775745,False,2025-05
short,21120.45,21120.45,2025-05-23 12:50:00,10515,21103.483485333032,21044.249316001362,1.3710807565568357,21.1668566662889,5,21119.11953125,21103.483485333032,2025-05-23 13:35:00,stop,11.679324739791598,11.583137025928329,True,2025-05
short,20690.35,20690.35,2025-05-23 15:20:00,10545,20757.416525433666,20473.150635548514,0.4813997514137981,60.333156792078896,8,20668.15,20757.416525433666,2025-05-23 16:25:00,stop,-36.26994041062038,3.9841317386657913,False,2025-05
long,21113.55,21113.55,2025-05-27 07:05:00,10946,21111.22664662567,21157.755090184488,2.3532143364512,12.279191717913879,3,21119.11953125,21111.22664662567,2025-05-27 08:00:00,stop,-25.341231890466382,19.873883421351696,False,2025-05
short,21119.85,21119.85,2025-05-27 07:45:00,10954,21119.31691097477,21090.298900613547,3.515433839660644,8.208638718459069,5,21119.11953125,21119.31691097477,2025-05-27 08:00:00,stop,-27.824134952578,29.69817415142274,False,2025-05
short,21160.65,21160.65,2025-06-02 09:10:00,12063,21182.987020850447,21115.97595829911,2.304083725323554,12.409456028025183,8,21119.11953125,21182.987020850447,2025-06-02 09:20:00,stop,-70.96872992663197,19.502363712907147,False,2025-06
short,21128.65,21128.65,2025-06-02 10:25:00,12078,21174.425704276844,21037.098591446316,1.111972554772752,25.430946820467977,8,21119.11953125,21174.425704276844,2025-06-02 10:30:00,stop,-60.29911839900237,9.397791567759723,False,2025-06
long,21999.85,21999.85,2025-06-11 15:45:00,14053,21974.39330959505,22137.805106822278,0.7313443031427519,38.32086300618894,9,22013.80032341426,21974.39330959505,2025-06-11 16:30:00,stop,-25.053391491526796,6.435785986998027,False,2025-06
long,22010.15,22010.15,2025-06-24 07:10:00,16361,22009.029159921556,22043.093780352996,3.0505571128845643,9.15105009805402,7,22013.80032341426,22009.029159921556,2025-06-24 07:15:00,stop,-30.276474528969963,26.85728785526248,False,2025-06
long,22187.05,22187.05,2025-06-25 07:00:00,16632,22186.986432760248,22203.086052578874,6.228778019493983,4.454459049687288,7,22195.800000000003,22186.986432760248,2025-06-25 07:05:00,stop,-55.675229968687376,55.27928374296559,False,2025-06
long,22191.65,22191.65,2025-06-25 10:40:00,16676,22185.08339972249,22225.249701248787,2.9380798027347272,9.333250346885029,7,22195.800000000003,22185.08339972249,2025-06-25 10:45:00,stop,-45.373531109729356,26.080335461743246,False,2025-06
long,22332.85,22332.85,2025-06-26 11:10:00,16955,22331.01158400474,22368.572871978675,2.740563857565726,9.923019994077068,9,22375.3125,22331.01158400474,2025-06-26 11:15:00,stop,-29.520137050350584,24.481840618574687,False,2025-06
long,22337.35,22337.35,2025-06-26 12:10:00,16967,22332.460198650515,22365.654106072678,3.4382346073849246,7.862251686855048,8,22375.3125,22332.460198650515,2025-06-26 12:25:00,stop,-47.53270414593989,30.720419922907855,False,2025-06
long,22343.25,22343.25,2025-06-26 13:10:00,16979,22343.694208903893,22372.751059932485,3.2688878451613745,8.194738870134293,9,22375.3125,22343.694208903893,2025-06-26 13:15:00,stop,-27.762962251912423,29.215031338560753,False,2025-06
long,22349.55,22349.55,2025-06-26 14:10:00,16991,22344.8565937592,22379.670328083597,3.1819862411780964,8.366757800999151,9,22375.3125,22344.8565937592,2025-06-26 14:15:00,stop,-43.38073832109365,28.446384238608772,False,2025-06
long,22353.65,22353.65,2025-06-26 15:10:00,17003,22349.00968611407,22383.531412486696,3.1804391629051656,8.300392357415445,9,22375.3125,22349.00968611407,2025-06-26 15:20:00,stop,-43.19600556853888,28.437769557550027,False,2025-06
short,22405.55,22405.55,2025-07-02 15:30:00,18099,22404.575624579174,22319.484689393717,1.0948918372214806,23.907030723966777,8,22375.3125,22404.575624579174,2025-07-02 15:40:00,stop,-8.745825826732782,9.812661521383099,False,2025-07
long,25853.65,25853.65,2025-10-28 14:20:00,40882,25851.31557460856,25887.10491426147,2.8109794311097276,9.293031739296447,9,25901.295867899113,25851.31557460856,2025-10-28 14:55:00,stop,-35.63165310644258,29.069631347644005,False,2025-10
long,25876.35,25876.35,2025-10-28 15:20:00,40894,25868.42762481173,25908.400688347203,2.9122227979773245,8.90296898533506,9,25901.295867899113,25868.42762481173,2025-10-28 15:25:00,stop,-53.214800196778214,30.143078559376214,False,2025-10
long,26215.85,26215.85,2025-10-30 07:00:00,41340,26185.312362968783,26276.92527406243,1.512604535322999,16.965353906231073,5,26217.475,26185.312362968783,2025-10-30 07:05:00,stop,-62.053053714402544,15.86168544293898,False,2025-10
long,26179.35,26179.35,2025-10-30 08:35:00,41359,26115.709180161222,26306.631639677555,0.7181158431363739,35.35601102154299,8,26217.475,26115.709180161222,2025-10-30 08:45:00,stop,-53.221403395617756,7.519922399204892,False,2025-10
short,25947.15,25947.15,2025-10-30 15:55:00,41447,25966.548246913513,25841.857888889193,0.8605129285815468,29.247808641890884,6,25901.295867899113,25966.548246913513,2025-10-30 16:00:00,stop,-25.623585474831764,8.931143213937874,False,2025-10
short,25944.25,25944.25,2025-11-03 07:10:00,41888,25937.01002467564,25914.729888959613,3.0550012012479173,8.20003084455148,7,25901.295867899113,25937.01002467564,2025-11-03 07:15:00,stop,-9.585752653268592,31.703885966190512,False,2025-11
long,25850.25,25850.25,2026-01-13 15:30:00,55111,25801.820606796366,25953.432269416353,0.8705744451885886,28.661741504542185,9,25901.295867899113,25801.820606796366,2026-01-13 15:45:00,stop,-51.16321893976854,9.001826820694527,False,2026-01
long,25852.48,25852.48,2026-01-27 07:00:00,57693,25843.551446413512,25873.533491139184,4.2296333899605365,5.848191983107155,8,25901.295867899113,25843.551446413512,2026-01-27 07:05:00,stop,-81.50311342197378,43.738605048514785,False,2026-01
long,25888.15,25888.15,2026-01-27 08:00:00,57705,25887.429128281623,25914.34392273269,3.344338156917885,7.27608964796921,9,25901.295867899113,25887.429128281623,2026-01-27 08:10:00,stop,-37.0423299368216,34.6314911428055,False,2026-01
long,25880.75,25880.75,2026-01-27 09:00:00,57717,25870.865507149516,25911.730217827182,2.803089465077348,8.60561606310618,9,25901.295867899113,25870.865507149516,2026-01-27 09:20:00,stop,-56.72554084614456,29.01842306932023,False,2026-01
long,25869.65,25869.65,2026-01-27 10:00:00,57729,25860.71021795906,25907.62901918425,2.260275213201158,10.549727551179723,7,25901.295867899113,25860.71021795906,2026-01-27 10:10:00,stop,-43.59537922624028,23.389011467675736,False,2026-01
long,25855.75,25855.75,2026-01-27 11:00:00,57741,25849.92249971013,25902.223751304417,1.830473652474901,12.909375362337643,7,25901.295867899113,25849.92249971013,2026-01-27 11:10:00,stop,-29.598393396387927,18.93130765599117,False,2026-01
long,25856.05,25856.05,2026-01-27 12:00:00,57753,25857.806197927654,25896.207109325554,2.1047849821070854,11.154752590432173,8,25901.295867899113,25857.806197927654,2026-01-27 12:25:00,stop,-18.07215127090964,21.76857029464396,False,2026-01
long,25873.25,25873.25,2026-01-27 13:00:00,57765,25864.535919622478,25910.663361698847,2.248306131923868,10.392600471902407,9,25901.295867899113,25864.535919622478,2026-01-27 13:15:00,stop,-42.86031499797963,23.268394651119692,False,2026-01
long,25887.15,25887.15,2026-01-27 14:00:00,57777,25876.60393438509,25930.557295267095,1.9202709322933433,12.05758201863758,8,25901.295867899113,25876.60393438509,2026-01-27 14:25:00,stop,-40.135439916340204,19.884136665967052,False,2026-01
long,25875.75,25875.75,2026-01-27 15:00:00,57789,25872.30404602979,25912.856792865943,2.22742726740056,10.307442462762062,7,25901.295867899113,25872.30404602979,2026-01-27 15:05:00,stop,-30.730152281231486,23.054540445776016,False,2026-01
long,26165.25,26165.25,2026-01-28 08:00:00,57978,26166.886498699423,26208.285755852594,1.9068115964177093,11.954376625720812,9,26217.475,26166.886498699423,2026-01-28 08:10:00,stop,-16.836386151684923,19.95688084926739,False,2026-01
long,26174.55,26174.55,2026-01-28 09:00:00,57990,26172.58082247684,26238.761298854202,1.2721385831757432,17.83647190394546,9,26217.475,26172.58082247684,2026-01-28 09:05:00,stop,-15.824128685237534,13.319061980905062,False,2026-01
long,26194.75,26194.75,2026-01-28 10:00:00,58002,26167.231600161107,26249.786799677786,1.478481670249514,15.287999910496152,9,26217.475,26167.231600161107,2026-01-28 10:15:00,stop,-56.17683284910778,15.491383092707384,False,2026-01
long,26165.35,26165.35,2026-01-28 12:30:00,58032,26177.000333728764,26212.373498220568,1.711399347487536,13.062082839047209,9,26217.475,26177.000333728764,2026-01-28 13:00:00,stop,2.0266283747071903,17.9117451667132,True,2026-01
long,26186.65,26186.65,2026-01-28 13:30:00,58044,26178.75997241547,26235.20512413038,1.6554169347092635,13.487534480661477,9,26217.475,26178.75997241547,2026-01-28 14:00:00,stop,-30.401214828075744,17.339929549321738,False,2026-01
long,26166.15,26166.15,2026-01-28 15:00:00,58062,26143.356736012236,26231.819687944942,1.2156594729799362,18.24157998470617,9,26217.475,26143.356736012236,2026-01-28 15:10:00,stop,-40.43249853442501,12.723651247565584,False,2026-01
long,25855.85,25855.85,2026-02-03 07:00:00,59058,25853.6512783644,25899.944247360203,1.7956278299275734,12.248402044500754,8,25901.295867899113,25853.6512783644,2026-02-03 07:20:00,stop,-22.51907928971896,18.57099353057314,False,2026-02
long,25865.25,25865.25,2026-02-03 08:00:00,59070,25864.93463060925,25906.719162258392,1.8985576111798699,11.519211738441815,9,25901.295867899113,25864.93463060925,2026-02-03 08:05:00,stop,-20.241413858172635,19.642666901028054,False,2026-02
long,25879.65,25879.65,2026-02-03 09:00:00,59082,25873.485229719434,25923.141466262554,1.8005995635981675,12.080962850709376,8,25901.295867899113,25873.485229719434,2026-02-03 09:15:00,stop,-29.739837275302317,18.639554598429328,False,2026-02
long,25897.65,25897.65,2026-02-03 10:00:00,59094,25884.907399542182,25950.491702060193,1.4716384510093046,14.678250572275434,9,25901.295867899113,25884.907399542182,2026-02-03 10:05:00,stop,-33.99729181188796,15.244791012312449,False,2026-02
long,25878.15,25878.15,2026-02-03 11:00:00,59106,25866.4327142216,25934.0277860028,1.3812502331827379,15.521607223000048,7,25901.295867899113,25866.4327142216,2026-02-03 11:10:00,stop,-30.4821840024225,14.29768028873515,False,2026-02
long,25868.45,25868.45,2026-02-03 12:00:00,59118,25860.594124080017,25921.35144163992,1.4490034341560332,14.69484489997754,8,25901.295867899113,25860.594124080017,2026-02-03 12:15:00,stop,-26.376580340878107,14.993389154517457,False,2026-02
long,25855.55,25855.55,2026-02-03 14:10:00,59144,25848.527378207127,25917.30179806793,1.2336506327377477,17.153277241091317,8,25901.295867899113,25848.527378207127,2026-02-03 14:15:00,stop,-21.422148065167537,12.75868624691299,False,2026-02
long,25876.35,25876.35,2026-02-03 15:10:00,59156,25872.891426216025,25925.66358202788,1.536917838166866,13.698217229966563,9,25901.295867899113,25872.891426216025,2026-02-03 15:20:00,stop,-21.22347330386468,15.907929560659673,False,2026-02
