entry_ts,exit_ts,dir,entry,exit,entry_price,exit_price,entry_signal_price,exit_signal_price,stop_price,stop_price_initial,stop_price_exit,initial_risk_price,r_value,fees,pnl,win,exit_reason,qty,be_triggered,confidence_mult,regime,_week
2023-01-06 15:30:00,2023-01-06 16:30:00,long,10771.1,10782.795958551738,10771.1,10782.795958551738,10771.1,10782.795958551738,10782.795958551738,10613.779922284508,10782.795958551738,157.32007771549252,0.07434498330778629,0.0,46.51616915601573,True,stop,3.977114740125663,False,1.32,bull,2023-01-02/2023-01-08
2023-01-06 17:00:00,2023-01-06 21:10:00,long,10758.8,11007.755287559456,10758.8,11007.755287559456,10758.8,11007.755287559456,10920.864497411505,10567.295932646572,10920.864497411505,191.50406735342767,1.300000000000002,0.0,817.167550773281,True,tp,3.2823868044100983,True,1.32,bull,2023-01-02/2023-01-08
2023-01-10 15:50:00,2023-01-10 16:30:00,long,11042.7,11081.841263675067,11042.7,11081.841263675067,11042.7,11081.841263675067,11081.841263675067,10892.964869390751,11081.841263675067,149.7351306092496,0.2614033427947512,0.0,201.91001032521035,True,stop,5.15849493264648,False,1.5,bull,2023-01-09/2023-01-15
2023-01-10 17:40:00,2023-01-11 16:30:00,long,11053.8,11265.58358048642,11053.8,11265.58358048642,11053.8,11265.58358048642,11161.114428518391,10890.889553471983,11161.114428518391,162.9104465280161,1.299999999999999,0.0,1022.792828487423,True,tp,4.829424576439262,True,1.5,bull,2023-01-09/2023-01-15
2023-01-18 17:15:00,2023-01-18 20:05:00,short,11623.0,11432.449777250871,11623.0,11432.449777250871,11623.0,11432.449777250871,11500.474450358615,11769.577094422406,11500.474450358615,146.57709442240593,1.3000000000000076,0.0,279.33239240613074,True,tp,1.4659252997772096,True,0.75,bull,2023-01-16/2023-01-22
2023-01-18 20:40:00,2023-01-19 02:05:00,long,11455.4,11399.410143022531,11455.4,11399.410143022531,11455.4,11399.410143022531,11399.410143022531,11313.106518167247,11399.410143022531,142.29348183275215,-0.3934815302592539,0.0,-144.16914349440563,False,stop,2.5749153735545693,False,0.75,bull,2023-01-16/2023-01-22
2023-01-20 13:00:00,2023-01-20 16:35:00,long,11334.8,11321.73480455435,11334.8,11321.73480455435,11334.8,11321.73480455435,11321.73480455435,11226.490258539405,11321.73480455435,108.30974146059452,-0.12062807342590891,0.0,-43.68215918779091,False,stop,3.3433988316137544,False,0.75,bull,2023-01-16/2023-01-22
2023-01-20 18:00:00,2023-01-20 22:10:00,long,11433.6,11600.270975378939,11433.6,11600.270975378939,11433.6,11600.270975378939,11542.522163947102,11305.391557400817,11542.522163947102,128.2084425991834,1.2999999999999985,0.0,469.0771528115411,True,tp,2.8143901584847697,True,0.75,bull,2023-01-16/2023-01-22
2023-01-25 13:00:00,2023-01-25 18:10:00,short,11703.3,11629.539404935647,11703.3,11629.539404935647,11703.3,11629.539404935647,11629.539404935647,11837.623884254339,11629.539404935647,134.32388425433965,0.5491249413595553,0.0,205.77083801575307,True,stop,2.789712282503004,True,1.5,bull,2023-01-23/2023-01-29
2023-01-25 18:10:00,2023-01-25 20:25:00,short,11644.2,11747.082150944228,11644.2,11747.082150944228,11644.2,11747.082150944228,11747.082150944228,11797.354033020429,11747.082150944228,153.15403302042796,-0.6717560675043089,0.0,-255.81878434210466,False,stop,2.486522511380848,False,1.5,bull,2023-01-23/2023-01-29
2023-01-30 16:35:00,2023-01-30 18:30:00,short,12036.8,12015.989805954601,12036.8,12015.989805954601,12036.8,12015.989805954601,12015.989805954601,12178.343386164875,12015.989805954601,141.5433861648762,0.1470234294180115,0.0,57.94838627584943,True,stop,2.78461537405338,False,1.32,bull,2023-01-30/2023-02-05
2023-01-30 19:45:00,2023-01-31 15:30:00,short,11967.3,11894.089805954602,11967.3,11894.089805954602,11967.3,11894.089805954602,11894.089805954602,12108.843386164875,11894.089805954602,141.5433861648762,0.5172279399909161,0.0,129.2928613203465,True,stop,1.7660499744089189,True,1.0,bull,2023-01-30/2023-02-05
2023-01-31 15:10:00,2023-01-31 21:00:00,long,11870.3,12048.198224728376,11870.3,12048.198224728376,11870.3,12048.198224728376,11970.616112931948,11733.455211747403,11970.616112931948,136.84478825259612,1.300000000000012,0.0,1185.7060975626714,True,tp,6.665081112377953,True,1.5,bull,2023-01-30/2023-02-05
2023-02-06 14:35:00,2023-02-06 17:20:00,long,12474.8,12440.688737413222,12474.8,12440.688737413222,12474.8,12440.688737413222,12440.688737413222,12291.216382649789,12440.688737413222,183.58361735021026,-0.18580777020917635,0.0,-162.4313592840016,False,stop,4.761810234106254,False,1.32,bull,2023-02-06/2023-02-12
2023-02-07 13:00:00,2023-02-07 17:10:00,long,12488.8,12436.620768369143,12488.8,12436.620768369143,12488.8,12436.620768369143,12436.620768369143,12341.838940692143,12436.620768369143,146.96105930785598,-0.35505481436106673,0.0,-325.36961729844387,False,stop,6.235615342139965,False,1.6800000000000002,bull,2023-02-06/2023-02-12
2023-02-07 18:10:00,2023-02-07 20:15:00,long,12512.1,12598.696665919924,12512.1,12598.696665919924,12512.1,12598.696665919924,12598.696665919924,12324.593748599858,12598.696665919924,187.506251400142,0.46183348700798743,0.0,229.70242333604688,True,stop,2.652555048117593,True,1.6800000000000002,bull,2023-02-06/2023-02-12
2023-02-07 20:25:00,2023-02-08 16:30:00,long,12503.5,12648.358443797268,12503.5,12648.358443797268,12503.5,12648.358443797268,12648.358443797268,12269.234582119878,12648.358443797268,234.2654178801222,0.6183518041548682,0.0,429.13517923967123,True,stop,2.96244504628432,True,1.32,bull,2023-02-06/2023-02-12
2023-02-08 17:30:00,2023-02-09 10:00:00,short,12569.0,12577.210211854723,12569.0,12577.210211854723,12569.0,12577.210211854723,12577.210211854723,12766.644147227607,12577.210211854723,197.6441472276074,-0.0415403743034588,0.0,-13.292909247448918,False,stop,1.6190701875497266,False,1.32,bull,2023-02-06/2023-02-12
2023-02-09 18:00:00,2023-02-09 22:35:00,short,12560.1,12326.501520000333,12560.1,12326.501520000333,12560.1,12326.501520000333,12430.735273846018,12739.791138461282,12430.735273846018,179.6911384612813,1.3000000000000111,0.0,511.3761904582328,True,tp,2.1891246486662084,True,1.5,bull,2023-02-06/2023-02-12
2023-02-13 13:05:00,2023-02-13 16:35:00,long,12347.1,12312.010300079144,12347.1,12312.010300079144,12347.1,12312.010300079144,12312.010300079144,12208.556812648398,12312.010300079144,138.54318735160268,-0.2532762569681872,0.0,-219.71135880973407,False,stop,6.261420283025689,False,1.5,bull,2023-02-13/2023-02-19
2023-02-13 17:35:00,2023-02-14 15:30:00,long,12411.2,12485.466260068593,12411.2,12485.466260068593,12411.2,12485.466260068593,12485.466260068593,12250.44923762861,12485.466260068593,160.75076237139,0.4619963163659018,0.0,365.17928115466066,True,stop,4.917162663332982,True,1.5,bull,2023-02-13/2023-02-19
2023-02-14 15:35:00,2023-02-14 16:30:00,long,12485.1,12401.2,12485.1,12401.2,12485.1,12401.2,12444.147330685957,12334.063745036168,12444.147330685957,151.0362549638321,-0.5554957650405908,0.0,-584.0012064873143,False,cash_daily_soft_stop,6.96068184132678,False,1.5,bull,2023-02-13/2023-02-19
2023-02-16 14:00:00,2023-02-16 16:15:00,short,12673.2,12473.790036212742,12673.2,12473.790036212742,12673.2,12473.790036212742,12560.20921591272,12826.592279836354,12560.20921591272,153.39227983635283,1.2999999999999998,0.0,577.6014996337301,True,tp,2.896552853547211,True,1.32,bull,2023-02-13/2023-02-19
2023-02-27 13:25:00,2023-02-27 17:35:00,long,12041.9,12080.104964342228,12041.9,12080.104964342228,12041.9,12080.104964342228,12080.104964342228,11912.534308141678,12080.104964342228,129.36569185832195,0.29532531997795747,0.0,258.62137816975934,True,stop,6.769313428828397,True,1.5,bull,2023-02-27/2023-03-05
2023-02-27 17:35:00,2023-02-27 22:35:00,long,12077.9,12038.184302429932,12077.9,12038.184302429932,12077.9,12038.184302429932,12038.184302429932,11941.183067056121,12038.184302429932,136.71693294387842,-0.2904958201949305,0.0,-310.6121555501013,False,stop,7.820891349122416,False,1.5,bull,2023-02-27/2023-03-05
2023-02-28 16:00:00,2023-02-28 22:20:00,long,12059.4,12073.27269563413,12059.4,12073.27269563413,12059.4,12073.27269563413,12073.27269563413,11935.223804313993,12073.27269563413,124.1761956860064,0.11171783414277997,0.0,102.94844258711318,True,stop,7.42094004670813,False,1.32,bull,2023-02-27/2023-03-05
2023-03-02 20:00:00,2023-03-03 14:00:00,long,11906.2,12099.334426551251,11906.2,12099.334426551251,11906.2,12099.334426551251,12014.865363466155,11757.635056499039,12014.865363466155,148.56494350096182,1.3000000000000023,0.0,868.1913229082414,True,tp,4.495269633753543,True,1.1400000000000001,bull,2023-02-27/2023-03-05
2023-03-07 17:30:00,2023-03-07 17:55:00,long,12270.9,12197.0,12270.9,12197.0,12270.9,12197.0,12203.513354337409,12150.175039382642,12203.513354337409,120.72496061735728,-0.6121352172913828,0.0,-765.2652530357578,False,cash_guardrail,10.355416143920996,False,1.6800000000000002,bull,2023-03-06/2023-03-12
2023-03-08 14:20:00,2023-03-08 16:30:00,short,12146.6,12192.832056715062,12146.6,12192.832056715062,12146.6,12192.832056715062,12192.832056715062,12250.910106340742,12192.832056715062,104.31010634074119,-0.44321742482017434,0.0,-235.30444811767967,False,stop,5.089638334022469,False,1.5,bull,2023-03-06/2023-03-12
2023-03-08 17:45:00,2023-03-08 22:40:00,short,12164.4,12197.80911581972,12164.4,12197.80911581972,12164.4,12197.80911581972,12197.80911581972,12284.042092161975,12197.80911581972,119.6420921619756,-0.2792421564685635,0.0,-109.75601707610619,False,stop,3.2852116670300977,False,1.5,bull,2023-03-06/2023-03-12
